unseq,prog_id,obsmode,bvcor,observer,object,ra,dec,bjd,exptime,pmtotal,date-avg,airmass,filename,SNRV
307240,2,HRF_OBJ,20.700379,Delia Volpi,HD42818,94.71167,69.31978000000001,2455467.712324,480.0,18210731.0,2010-09-28T05:05:29.498000,1.396166,/STER/mercator/hermes/20100927/raw/00307240_HRF_OBJ.fits,49.12738543826651
307334,2,HRF_OBJ,20.734246,Delia Volpi,HD42818,94.71167,69.31978000000001,2455468.6356430002,480.0,14871223.0,2010-09-29T03:14:58.745000,1.620742,/STER/mercator/hermes/20100928/raw/00307334_HRF_OBJ.fits,48.979587585033826
307483,2,HRF_OBJ,20.623479999999997,Delia Volpi,HD42818,94.71125,69.31975,2455470.71664,280.0,7671798.0,2010-10-01T05:11:24.523000,1.372358,/STER/mercator/hermes/20100930/raw/00307483_HRF_OBJ.fits,49.1121166312347
307549,2,HRF_OBJ,15.759328,Delia Volpi,HD14055,34.32875,33.847190000000005,2455471.5968830003,230.0,6217180.0,2010-10-02T02:13:04.128000,1.013169,/STER/mercator/hermes/20101001/raw/00307549_HRF_OBJ.fits,49.10193478876367
307624,2,HRF_OBJ,-11.813399,Delia Volpi,HD206826,326.03583,28.74261,2455472.584496,360.0,3005316.0,2010-10-03T01:56:05.602000,1.509473,/STER/mercator/hermes/20101002/raw/00307624_HRF_OBJ.fits,49.10193478876367
307773,2,HRF_OBJ,28.710312,Delia Volpi,HD46300,98.22584,7.3329699999999995,2455473.740652,300.0,11338886.0,2010-10-04T05:46:12.371000,1.123634,/STER/mercator/hermes/20101003/raw/00307773_HRF_OBJ.fits,49.10193478876367
307851,2,HRF_OBJ,-12.360047,Delia Volpi,HD206826,326.03583,28.74261,2455474.507656,250.0,8674819.0,2010-10-05T00:05:33.187000,1.118348,/STER/mercator/hermes/20101004/raw/00307851_HRF_OBJ.fits,49.09175083453431
307944,2,HRF_OBJ,-8.044091,Delia Volpi,HD184006,292.42666,51.72978,2455475.5134650003,170.0,14043976.0,2010-10-06T00:17:51.942000,1.727543,/STER/mercator/hermes/20101005/raw/00307944_HRF_OBJ.fits,49.1121166312347
324941,2,HRF_OBJ,-17.584685,Katrina Exter,HD14055,34.32875,33.847190000000005,2455544.326063,230.0,8127321.0,2010-12-13T19:43:27.005000,1.154084,/STER/mercator/hermes/20101213/raw/00324941_HRF_OBJ.fits,49.70915408654627
325167,2,HRF_OBJ,-19.964208,Katrina Exter,HD14055,34.32875,33.847190000000005,2455549.524735,230.0,11732043.0,2010-12-19T00:30:00.415651,1.238199,/STER/mercator/hermes/20101218/raw/00325167_HRF_OBJ.fits,49.68903299521938
325328,2,HRF_OBJ,-20.879901999999998,Katrina Exter,HD14055,34.32875,33.847190000000005,2455553.3065029997,230.0,8118292.0,2010-12-22T19:16:07.413354,1.135353,/STER/mercator/hermes/20101222/raw/00325328_HRF_OBJ.fits,49.658836071740545
326020,2,HRF_OBJ,22.596291,Steven Bloemen,HD87887,151.98458,-0.37164,2455566.711075,360.0,16165602.0,2011-01-05T04:58:41.540312,1.1583809999999999,/STER/mercator/hermes/20110104/raw/00326020_HRF_OBJ.fits,49.79959839195493
326655,2,HRF_OBJ,21.413763,Steven Bloemen,HD87887,151.98458,-0.37164,2455569.750084,360.0,13918751.0,2011-01-08T05:54:32.489724,1.268155,/STER/mercator/hermes/20110107/raw/00326655_HRF_OBJ.fits,49.69909455915671
326782,2,HRF_OBJ,29.830470000000002,Steven Bloemen,HD118098,203.67333,-0.59583,2455570.805532,140.0,13522290.0,2011-01-09T07:20:22.930135,1.150724,/STER/mercator/hermes/20110108/raw/00326782_HRF_OBJ.fits,49.8196748283246
326887,2,HRF_OBJ,29.850103999999998,Steven Bloemen,HD118098,203.67333,-0.59583,2455571.803857,140.0,16206895.0,2011-01-10T07:17:49.600189,1.15032,/STER/mercator/hermes/20110109/raw/00326887_HRF_OBJ.fits,49.78955713801841
326970,2,HRF_OBJ,16.828188,Steven Bloemen,HD84937,147.23375,13.74425,2455572.7683139998,800.0,874420.0,2011-01-11T06:19:34.868898,1.279682,/STER/mercator/hermes/20110110/raw/00326970_HRF_OBJ.fits,49.759421218498915
327106,2,HRF_OBJ,16.443505,Steven Bloemen,HD84937,147.23375,13.74425,2455573.742821,800.0,497954.0,2011-01-12T05:42:47.498612,1.176248,/STER/mercator/hermes/20110111/raw/00327106_HRF_OBJ.fits,49.764445139074944
327238,2,HRF_OBJ,15.974264999999999,Steven Bloemen,HD84937,147.23375,13.74425,2455574.749504,800.0,786218.0,2011-01-13T05:52:20.170166,1.213983,/STER/mercator/hermes/20110112/raw/00327238_HRF_OBJ.fits,49.76946855251722
327317,2,HRF_OBJ,-4.438034,Pieter Degroote,HD56169,109.63333,49.46475,2455575.646435,204.832,1594567.0,2011-01-14T03:23:39.598873,1.210008,/STER/mercator/hermes/20110113/raw/00327317_HRF_OBJ.fits,49.77951385861457
327416,2,HRF_OBJ,-26.899613000000002,Pieter Degroote,HD14055,34.32875,33.847190000000005,2455576.291971,230.0,7764805.0,2011-01-14T18:57:53.221192,1.028306,/STER/mercator/hermes/20110114/raw/00327416_HRF_OBJ.fits,49.86983055916673
327510,2,HRF_OBJ,-27.114982,Pieter Degroote,HD14055,34.32875,33.847190000000005,2455577.3140080003,300.0,0.0,2011-01-15T19:29:45.217168,1.007819,/STER/mercator/hermes/20110115/raw/00327510_HRF_OBJ.fits,49.84475900232641
327612,2,HRF_OBJ,-27.228989000000002,Pieter Degroote,HD14055,34.32875,33.847190000000005,2455578.294941,224.13,8653239.0,2011-01-16T19:02:25.525630,1.018944,/STER/mercator/hermes/20110116/raw/00327612_HRF_OBJ.fits,49.84977432245807
327749,2,HRF_OBJ,29.870764,Pieter Degroote,HD118098,203.67333,-0.59583,2455579.7126240004,100.0,11515607.0,2011-01-18T05:05:19.153964,1.306158,/STER/mercator/hermes/20110117/raw/00327749_HRF_OBJ.fits,49.77951385861457
327828,2,HRF_OBJ,-27.543408000000003,Pieter Degroote,HD14055,34.32875,33.847190000000005,2455580.305816,150.0,4725757.0,2011-01-18T19:18:20.995000,1.007306,/STER/mercator/hermes/20110118/raw/00327828_HRF_OBJ.fits,49.86481725625794
327918,2,HRF_OBJ,-27.670676,Pieter Degroote,HD14055,34.32875,33.847190000000005,2455581.3033040003,300.0,14046321.0,2011-01-19T19:14:51.912951,1.007549,/STER/mercator/hermes/20110119/raw/00327918_HRF_OBJ.fits,49.87484335815001
328018,2,HRF_OBJ,-27.823666999999997,Pieter Degroote,HD14055,34.32875,33.847190000000005,2455582.315732,230.0,7839868.0,2011-01-20T19:32:53.810451,1.004146,/STER/mercator/hermes/20110120/raw/00328018_HRF_OBJ.fits,49.839743177508446
328182,2,HRF_OBJ,-10.682864,Patricia Lampens,HD56169,109.63333,49.46475,2455589.587354,600.0,12179236.0,2011-01-28T01:59:04.931616,1.149979,/STER/mercator/hermes/20110127/raw/00328182_HRF_OBJ.fits,49.72926703662542
328252,2,HRF_OBJ,-11.066711999999999,Patricia Lampens,HD56169,109.63292,49.46475,2455590.560311,741.801,2833292.0,2011-01-29T01:20:11.454471,1.1048120000000001,/STER/mercator/hermes/20110128/raw/00328252_HRF_OBJ.fits,49.73932046178355
328354,2,HRF_OBJ,,Patricia Lampens,HD56169,109.63292,49.46475,,900.0,5312648.0,2011-01-31T01:24:34.456769,1.116359,/STER/mercator/hermes/20110130/raw/00328354_HRF_OBJ.fits,49.759421218498915
328674,2,HRF_OBJ,27.750115,Patricia Lampens,HD118098,203.67333,-0.59583,2455595.723077,320.0,18051298.0,2011-02-03T05:18:09.126097,1.1657819999999999,/STER/mercator/hermes/20110202/raw/00328674_HRF_OBJ.fits,49.759421218498915
334194,2,HRF_OBJ,-27.664092,Peter de Cat,HD14055,34.32875,33.847190000000005,2455611.332758,230.0,14021163.0,2011-02-18T20:01:21.262364,1.1663430000000001,/STER/mercator/hermes/20110218/raw/00334194_HRF_OBJ.fits,49.82971001320397
334937,2,HRF_OBJ,-26.733283,Peter de Cat,HD14055,34.3275,33.847190000000005,2455617.333918,230.0,12966824.0,2011-02-24T20:03:48.217545,1.242097,/STER/mercator/hermes/20110224/raw/00334937_HRF_OBJ.fits,49.82971001320397
335181,2,HRF_OBJ,-26.157457,Peter de Cat,HD14055,34.3275,33.847190000000005,2455620.334919,230.0,12252759.0,2011-02-27T20:05:37.324327,1.290551,/STER/mercator/hermes/20110227/raw/00335181_HRF_OBJ.fits,49.80963762164909
335298,2,HRF_OBJ,-21.932557,Nick Cox,HD56169,109.63333,49.46475,2455621.428713,280.0,6547824.0,2011-02-28T22:13:11.543661,1.070383,/STER/mercator/hermes/20110228/raw/00335298_HRF_OBJ.fits,49.78955713801841
335536,2,HRF_OBJ,-25.624668,Nick Cox,HD46300,98.22584,7.3329699999999995,2455622.4579310003,200.0,7364272.0,2011-03-01T22:55:44.206547,1.193129,/STER/mercator/hermes/20110301/raw/00335536_HRF_OBJ.fits,49.77951385861457
335955,2,HRF_OBJ,-25.558701,Nick Cox,HD46300,98.22584,7.3329699999999995,2455623.345717,240.0,8945069.0,2011-03-02T20:14:15.467346,1.101002,/STER/mercator/hermes/20110302/raw/00335955_HRF_OBJ.fits,49.79959839195493
336172,2,HRF_OBJ,-28.821196,Nick Cox,HD36267,82.69625,5.94814,2455630.421003,570.0,6169861.0,2011-03-09T22:05:45.396832,1.3365129999999998,/STER/mercator/hermes/20110309/raw/00336172_HRF_OBJ.fits,49.81465647778774
336472,2,HRF_OBJ,12.326844,Nadya Gorlova,HD118098,203.67333,-0.59583,2455639.612826,70.0,6726666.0,2011-03-19T02:34:58.114840,1.156957,/STER/mercator/hermes/20110318/raw/00336472_HRF_OBJ.fits,49.76946855251722
342768,2,HRF_OBJ,-26.694687,Pieter Neyskens,HD56169,109.63333,49.46475,2455659.437547,725.0,4038615.0,2011-04-07T22:30:30.146959,1.292337,/STER/mercator/hermes/20110407/raw/00342768_HRF_OBJ.fits,49.628620774710235
343345,2,HRF_OBJ,-21.216261,Steven Bloemen,HD87887,151.98458,-0.37164,2455663.394652,265.0,8118956.0,2011-04-11T21:22:44.721925,1.164509,/STER/mercator/hermes/20110411/raw/00343345_HRF_OBJ.fits,49.558046773455466
343526,2,HRF_OBJ,-0.050783999999999996,Steven Bloemen,HD118098,203.67333,-0.59583,2455664.5774580003,200.0,5183755.0,2011-04-13T01:43:17.600539,1.152415,/STER/mercator/hermes/20110412/raw/00343526_HRF_OBJ.fits,49.53786430600334
344292,2,HRF_OBJ,-0.741114,Steven Bloemen,HD118098,203.67333,-0.59583,2455666.4679380003,140.0,13685692.0,2011-04-14T23:05:35.314486,1.368991,/STER/mercator/hermes/20110414/raw/00344292_HRF_OBJ.fits,49.54795656734998
346439,2,HRF_OBJ,-6.563453,Robin Lombaert,HD118098,203.67333,-0.59583,2455678.407944,140.0,6755168.0,2011-04-26T21:39:25.295281,1.564445,/STER/mercator/hermes/20110426/raw/00346439_HRF_OBJ.fits,49.56813492557492
347424,2,HRF_OBJ,-11.220203,Peter Papics,HD118098,203.67333,-0.59583,2455687.52896,400.0,4298437.0,2011-05-06T00:34:04.775061,1.1647370000000001,/STER/mercator/hermes/20110505/raw/00347424_HRF_OBJ.fits,49.53786430600334
347588,2,HRF_OBJ,-29.231644,Peter Papics,HD84937,147.23375,13.74425,2455688.384384,1200.0,947976.0,2011-05-06T21:12:11.102233,1.0665280000000001,/STER/mercator/hermes/20110506/raw/00347588_HRF_OBJ.fits,49.563091106185055
348267,2,HRF_OBJ,-22.319028,Peter Papics,HD56169,109.63333,49.46475,2455690.363487,500.0,9893714.0,2011-05-08T20:47:33.099157,1.358861,/STER/mercator/hermes/20110508/raw/00348267_HRF_OBJ.fits,49.56813492557492
349126,2,HRF_OBJ,-13.030006,Peter Papics,HD118098,203.67333,-0.59583,2455692.366873,140.0,12062263.0,2011-05-10T20:40:57.500864,1.586417,/STER/mercator/hermes/20110510/raw/00349126_HRF_OBJ.fits,49.71921157862421
349761,2,HRF_OBJ,-21.547577,Peter Papics,HD56169,109.63333,49.46475,2455693.3602549997,500.0,6210937.0,2011-05-11T20:43:12.569811,1.385499,/STER/mercator/hermes/20110511/raw/00349761_HRF_OBJ.fits,49.4368283772331
349963,2,HRF_OBJ,-21.278760000000002,Peter Papics,HD56169,109.63333,49.46475,2455694.358599,575.0,8665898.0,2011-05-12T20:40:55.682572,1.389283,/STER/mercator/hermes/20110512/raw/00349963_HRF_OBJ.fits,49.4368283772331
350154,2,HRF_OBJ,-28.437116999999997,Peter Papics,HD87887,151.98458,-0.37164,2455695.362944,360.0,11204470.0,2011-05-13T20:40:59.825079,1.166654,/STER/mercator/hermes/20110513/raw/00350154_HRF_OBJ.fits,49.44694126030446
350654,2,HRF_OBJ,-28.647409000000003,Peter Papics,HD87887,151.98458,-0.37164,2455697.3724889997,360.0,6353182.0,2011-05-15T20:55:00.977009,1.193833,/STER/mercator/hermes/20110515/raw/00350654_HRF_OBJ.fits,49.42671342502959
361060,2,HRF_OBJ,-18.309567,Andrew Tkachenko,HD152614,253.50207999999998,10.16536,2455764.382617,330.0,14234255.0,2011-07-21T21:06:11.014395,1.0963559999999999,/STER/mercator/hermes/20110721/raw/00361060_HRF_OBJ.fits,51.32250968142536
361707,2,HRF_OBJ,-20.179223999999998,Marie Hrudkova,HD152614,253.50207999999998,10.16536,2455771.373655,330.0,6686240.0,2011-07-28T20:53:55.721174,1.079266,/STER/mercator/hermes/20110728/raw/00361707_HRF_OBJ.fits,51.24451190127583
363156,2,HRF_OBJ,-22.557369,Peter Papics,HD152614,253.50207999999998,10.16536,2455782.371468,330.0,5285248.0,2011-08-08T20:51:54.802868,1.056347,/STER/mercator/hermes/20110808/raw/00363156_HRF_OBJ.fits,51.22499389946279
363297,2,HRF_OBJ,-26.200513,Peter Papics,HD147449,245.51792000000003,1.02903,2455783.383511,480.0,9561796.0,2011-08-09T21:10:00.277734,1.15141,/STER/mercator/hermes/20110809/raw/00363297_HRF_OBJ.fits,51.234753829797995
363447,2,HRF_OBJ,-26.305494,Peter Papics,HD147449,245.51792000000003,1.02903,2455784.3728360003,480.0,10364464.0,2011-08-10T20:54:45.508130,1.141953,/STER/mercator/hermes/20110810/raw/00363447_HRF_OBJ.fits,51.234753829797995
363584,2,HRF_OBJ,-23.073551000000002,Peter Papics,HD152614,253.50207999999998,10.16536,2455785.371622,330.0,11238021.0,2011-08-11T20:52:27.859932,1.055725,/STER/mercator/hermes/20110811/raw/00363584_HRF_OBJ.fits,51.24451190127583
363729,2,HRF_OBJ,-23.241652,Peter Papics,HD152614,253.50207999999998,10.16536,2455786.374767,250.0,11746483.0,2011-08-12T20:57:06.307555,1.057083,/STER/mercator/hermes/20110812/raw/00363729_HRF_OBJ.fits,51.24451190127583
366962,2,HRF_OBJ,-1.1371879999999999,Robin Lombaert,HD184006,292.42666,51.72978,2455791.441002,190.0,10908202.0,2011-08-17T22:32:23.256992,1.091253,/STER/mercator/hermes/20110817/raw/00366962_HRF_OBJ.fits,51.22499389946279
367080,2,HRF_OBJ,-1.204917,Robin Lombaert,HD184006,292.42666,51.72978,2455792.385282,190.0,13366959.0,2011-08-18T21:12:09.387798,1.155171,/STER/mercator/hermes/20110818/raw/00367080_HRF_OBJ.fits,51.234753829797995
367238,2,HRF_OBJ,-1.307224,Robin Lombaert,HD184006,292.42666,51.72978,2455793.346389,190.0,10340948.0,2011-08-19T20:16:09.429529,1.2505760000000001,/STER/mercator/hermes/20110819/raw/00367238_HRF_OBJ.fits,51.22499389946279
369273,2,HRF_OBJ,26.561451,Robin Lombaert,HD14055,34.32833,33.847190000000005,2455797.713712,230.0,13808472.0,2011-08-24T05:05:26.435634,1.006333,/STER/mercator/hermes/20110823/raw/00369273_HRF_OBJ.fits,51.21523210920751
373992,2,HRF_OBJ,-6.6589350000000005,Michel Hillen,HD185395,294.11041,50.221109999999996,2455826.330296,360.0,262032.0,2011-09-21T19:53:23.675767,1.095213,/STER/mercator/hermes/20110921/raw/00373992_HRF_OBJ.fits,51.273774973177076
375553,2,HRF_OBJ,-8.559814999999999,Peter Papics,HD185395,294.11041,50.221109999999996,2455841.3403060003,360.0,7833629.0,2011-10-06T20:08:21.734743,1.077046,/STER/mercator/hermes/20111006/raw/00375553_HRF_OBJ.fits,51.273774973177076
376017,2,HRF_OBJ,-8.139358,Peter Papics,HD184006,292.42666,51.72978,2455844.321595,190.0,10404011.0,2011-10-09T19:41:42.223099,1.0874979999999999,/STER/mercator/hermes/20111009/raw/00376017_HRF_OBJ.fits,51.28352561983234
384768,2,HRF_OBJ,-9.692999,Kenneth De Smedt,HD184006,292.42666,51.72978,2455880.318025,190.0,11105687.0,2011-11-14T19:38:08.449499,1.2358149999999999,/STER/mercator/hermes/20111114/raw/00384768_HRF_OBJ.fits,51.18593556827891
385015,2,HRF_OBJ,-10.582016000000001,Kenneth De Smedt,HD185395,294.11041,50.221109999999996,2455883.325718,360.0,8894048.0,2011-11-17T19:49:21.205410,1.26186,/STER/mercator/hermes/20111117/raw/00385015_HRF_OBJ.fits,51.19570294468082
385374,2,HRF_OBJ,-10.428349,Kenneth De Smedt,HD185395,294.11041,50.221109999999996,2455888.296263,180.0,4288981.0,2011-11-22T19:07:11.131104,1.212917,/STER/mercator/hermes/20111122/raw/00385374_HRF_OBJ.fits,51.18593556827891
385495,2,HRF_OBJ,-24.116666,Kenneth De Smedt,HD220657,351.345,23.40411,2455890.447766,630.0,3661178.0,2011-11-24T22:41:05.998437,1.15626,/STER/mercator/hermes/20111124/raw/00385495_HRF_OBJ.fits,51.19570294468082
389329,2,HRF_OBJ,-15.533156,Patricia Lampens,HD14055,34.32875,33.847190000000005,2455904.384527,120.0,22674.0,2011-12-08T21:07:13.629642,1.044139,/STER/mercator/hermes/20111208/raw/00389329_HRF_OBJ.fits,51.19570294468082
389569,2,HRF_OBJ,-10.197153,Patricia Lampens,GSC4293-0432,356.42421,66.08514,2455907.337117,1400.0,152208.0,2011-12-11T20:02:06.388798,1.2602790000000001,/STER/mercator/hermes/20111211/raw/00389569_HRF_OBJ.fits,51.18593556827891
389836,2,HRF_OBJ,-10.616877,Patricia Lampens,GSC4293-0432,356.42421,66.08514,2455909.327508,1000.0,96028.0,2011-12-13T19:48:22.181041,1.259947,/STER/mercator/hermes/20111213/raw/00389836_HRF_OBJ.fits,51.19570294468082
391784,2,HRF_OBJ,-26.732229999999998,Christoffel Waelkens,HD14055,34.32875,33.847190000000005,2455939.405585,230.0,10103267.0,2012-01-12T21:41:13.181948,1.07332,/STER/mercator/hermes/20120112/raw/00391784_HRF_OBJ.fits,51.884487084291386
392059,2,HRF_OBJ,-27.141296,Nadya Gorlova,HD14055,34.32875,33.847190000000005,2455942.346741,230.0,10101149.0,2012-01-15T20:16:51.876608,1.008241,/STER/mercator/hermes/20120115/raw/00392059_HRF_OBJ.fits,51.82663407939975
392173,2,HRF_OBJ,-27.410125,Nadya Gorlova,HD14055,34.32875,33.847190000000005,2455943.3943,130.0,7185217.0,2012-01-16T21:25:29.196739,1.074597,/STER/mercator/hermes/20120116/raw/00392173_HRF_OBJ.fits,51.81698563212646
392291,2,HRF_OBJ,29.905783000000003,Nadya Gorlova,HD118098,203.67333,-0.59583,2455944.7089,600.0,7350004.0,2012-01-18T04:59:59.789985,1.341132,/STER/mercator/hermes/20120117/raw/00392291_HRF_OBJ.fits,51.81698563212646
392338,2,HRF_OBJ,-27.572824,Nadya Gorlova,HD14055,34.32875,33.847190000000005,2455945.330762,230.0,7080560.0,2012-01-18T19:54:14.802782,1.00538,/STER/mercator/hermes/20120118/raw/00392338_HRF_OBJ.fits,51.81698563212646
392479,2,HRF_OBJ,-27.80707,Nadya Gorlova,HD14055,34.32875,33.847190000000005,2455947.315609,230.0,1487165.0,2012-01-20T19:32:41.401282,1.00415,/STER/mercator/hermes/20120120/raw/00392479_HRF_OBJ.fits,51.807335387954474
392822,2,HRF_OBJ,-9.173707,Jonathan Menu,HD56169,109.63333,49.46475,2455951.545549,575.0,8958690.0,2012-01-25T00:58:44.599672,1.0781969999999998,/STER/mercator/hermes/20120124/raw/00392822_HRF_OBJ.fits,51.812160734715555
392940,2,HRF_OBJ,-19.530552,Jonathan Menu,HD36267,82.69625,5.94814,2455952.445719,570.0,14344012.0,2012-01-25T22:36:06.827742,1.085785,/STER/mercator/hermes/20120125/raw/00392940_HRF_OBJ.fits,51.807335387954474
393106,2,HRF_OBJ,-28.461318,Jonathan Menu,HD14055,34.32875,33.847190000000005,2455954.318615,230.0,12056703.0,2012-01-27T19:37:57.934694,1.011567,/STER/mercator/hermes/20120127/raw/00393106_HRF_OBJ.fits,51.807335387954474
393328,2,HRF_OBJ,-28.564249,Jonathan Menu,HD14055,34.32875,33.847190000000005,2455956.319256,230.0,6387531.0,2012-01-29T19:39:09.686478,1.016362,/STER/mercator/hermes/20120129/raw/00393328_HRF_OBJ.fits,51.79768334587948
393664,2,HRF_OBJ,-13.520325,Joris Vos,HD42818,94.71167,69.31978000000001,2455960.333721,480.0,8992947.0,2012-02-02T19:56:15.021356,1.474261,/STER/mercator/hermes/20120202/raw/00393664_HRF_OBJ.fits,51.79768334587948
393740,2,HRF_OBJ,-28.668861,Joris Vos,HD14055,34.32875,33.847190000000005,2455961.32258,230.0,7203380.0,2012-02-03T19:44:38.129285,1.036149,/STER/mercator/hermes/20120203/raw/00393740_HRF_OBJ.fits,51.807335387954474
393818,2,HRF_OBJ,-22.697907,Joris Vos,HD36267,82.69625,5.94814,2455962.351514,800.0,6768052.0,2012-02-04T20:21:28.133280,1.170975,/STER/mercator/hermes/20120204/raw/00393818_HRF_OBJ.fits,51.79768334587948
393868,2,HRF_OBJ,-22.997182000000002,Joris Vos,HD36267,82.69625,5.94814,2455963.349575,450.0,7571672.0,2012-02-05T20:18:47.272844,1.162799,/STER/mercator/hermes/20120205/raw/00393868_HRF_OBJ.fits,51.807335387954474
393936,2,HRF_OBJ,-28.65348,Joris Vos,HD14055,34.32875,33.847190000000005,2455964.337656,230.0,823261.0,2012-02-06T20:06:45.479217,1.079267,/STER/mercator/hermes/20120206/raw/00393936_HRF_OBJ.fits,51.79768334587948
394001,2,HRF_OBJ,-28.603628000000004,Joris Vos,HD14055,34.32875,33.847190000000005,2455965.328064,230.0,6052162.0,2012-02-07T19:53:04.879645,1.06477,/STER/mercator/hermes/20120207/raw/00394001_HRF_OBJ.fits,51.79768334587948
394453,2,HRF_OBJ,-26.562548,Maria Luisa Alonso,HD36267,82.69625,5.94814,2455976.443246,250.0,8399927.0,2012-02-18T22:35:14.283396,1.198618,/STER/mercator/hermes/20120218/raw/00394453_HRF_OBJ.fits,51.79768334587948
394590,2,HRF_OBJ,-19.778482999999998,Maria Luisa Alonso,HD56169,109.63333,49.46475,2455978.584282,430.0,4933417.0,2012-02-21T01:56:25.123386,1.378765,/STER/mercator/hermes/20120220/raw/00394590_HRF_OBJ.fits,51.87484939737175
394765,2,HRF_OBJ,-27.180933000000003,Katrina Exter,HD36267,82.69625,5.94814,2455981.33245,570.0,19556622.0,2012-02-23T19:56:19.319837,1.10045,/STER/mercator/hermes/20120223/raw/00394765_HRF_OBJ.fits,51.86520991955976
394844,2,HRF_OBJ,-26.770763,Katrina Exter,HD14055,34.32875,33.847190000000005,2455982.3298,230.0,6196139.0,2012-02-24T19:57:50.636340,1.219808,/STER/mercator/hermes/20120224/raw/00394844_HRF_OBJ.fits,51.86520991955976
394939,2,HRF_OBJ,-24.474358,Katrina Exter,HD46300,98.22584,7.3329699999999995,2455983.434347,360.0,7654582.0,2012-02-25T22:21:16.781260,1.10319,/STER/mercator/hermes/20120225/raw/00394939_HRF_OBJ.fits,51.86520991955976
395112,2,HRF_OBJ,-7.287103,Katrina Exter,HD84937,147.23375,13.74425,2455986.5067849997,800.0,368418.0,2012-02-29T00:01:47.670422,1.045769,/STER/mercator/hermes/20120228/raw/00395112_HRF_OBJ.fits,51.96152422706632
395220,2,HRF_OBJ,-28.007014,Katrina Exter,HD36267,82.69625,5.94814,2455987.340111,570.0,12070460.0,2012-02-29T20:08:09.090042,1.0854469999999998,/STER/mercator/hermes/20120229/raw/00395220_HRF_OBJ.fits,51.93264869039514
395310,2,HRF_OBJ,-25.482611,Katrina Exter,HD46300,98.22584,7.3329699999999995,2455988.3424919997,360.0,5875955.0,2012-03-01T20:09:35.913778,1.108452,/STER/mercator/hermes/20120301/raw/00395310_HRF_OBJ.fits,51.93264869039514
395397,2,HRF_OBJ,-25.719279,Katrina Exter,HD46300,98.22584,7.3329699999999995,2455989.345585,360.0,8370422.0,2012-03-02T20:14:10.549554,1.099197,/STER/mercator/hermes/20120302/raw/00395397_HRF_OBJ.fits,51.97114584074513
395477,2,HRF_OBJ,-28.311382000000002,Katrina Exter,HD36267,82.69625,5.94814,2455990.347939,570.0,17133032.0,2012-03-03T20:19:49.783872,1.0892709999999999,/STER/mercator/hermes/20120303/raw/00395477_HRF_OBJ.fits,51.92301994298868
395560,2,HRF_OBJ,-22.950907,Katrina Exter,HD56169,109.63333,49.46475,2455991.341841,575.0,7581667.0,2012-03-04T20:08:36.905355,1.127988,/STER/mercator/hermes/20120304/raw/00395560_HRF_OBJ.fits,51.97114584074513
395642,2,HRF_OBJ,-26.354714,Peter De Cat,HD46300,98.22584,7.3329699999999995,2455992.345185,360.0,9075734.0,2012-03-05T20:13:58.536720,1.089065,/STER/mercator/hermes/20120305/raw/00395642_HRF_OBJ.fits,51.93264869039514
395718,2,HRF_OBJ,-26.539740999999996,Peter De Cat,HD46300,98.22584,7.3329699999999995,2455993.341002,360.0,9366291.0,2012-03-06T20:08:04.746390,1.090581,/STER/mercator/hermes/20120306/raw/00395718_HRF_OBJ.fits,51.92301994298868
395797,2,HRF_OBJ,-26.732534,Peter De Cat,HD46300,98.22584,7.3329699999999995,2455994.342534,360.0,9681170.0,2012-03-07T20:10:24.829821,1.086017,/STER/mercator/hermes/20120307/raw/00395797_HRF_OBJ.fits,51.92301994298868
395869,2,HRF_OBJ,-26.921017,Peter De Cat,HD46300,98.22584,7.3329699999999995,2455995.345278,360.0,8442131.0,2012-03-08T20:14:29.668785,1.081351,/STER/mercator/hermes/20120308/raw/00395869_HRF_OBJ.fits,51.92301994298868
395953,2,HRF_OBJ,-27.142728,Peter De Cat,HD46300,98.22584,7.3329699999999995,2455996.363046,600.0,8538168.0,2012-03-09T20:40:12.750341,1.0748799999999998,/STER/mercator/hermes/20120309/raw/00395953_HRF_OBJ.fits,51.91338940966964
396042,2,HRF_OBJ,-27.276357,Peter De Cat,HD46300,98.22584,7.3329699999999995,2455997.351118,1520.0,4728640.0,2012-03-10T20:23:09.969552,1.0783399999999999,/STER/mercator/hermes/20120310/raw/00396042_HRF_OBJ.fits,51.92301994298868
396136,2,HRF_OBJ,-27.417809000000002,Peter De Cat,HD46300,98.22584,7.3329699999999995,2455998.344832,360.0,6332114.0,2012-03-11T20:14:14.675867,1.076835,/STER/mercator/hermes/20120311/raw/00396136_HRF_OBJ.fits,51.91338940966964
396238,2,HRF_OBJ,-27.558284999999998,Peter De Cat,HD46300,98.22584,7.3329699999999995,2455999.341017,360.0,7114985.0,2012-03-12T20:08:52.911358,1.077243,/STER/mercator/hermes/20120312/raw/00396238_HRF_OBJ.fits,51.92301994298868
396479,2,HRF_OBJ,-28.106258,Pierre Royer,HD46300,98.22584,7.3329699999999995,2456003.350802,400.0,5009342.0,2012-03-16T20:23:30.499589,1.0767950000000002,/STER/mercator/hermes/20120316/raw/00396479_HRF_OBJ.fits,51.894122981316485
396550,2,HRF_OBJ,-28.214392,Pierre Royer,HD46300,98.22584,7.3329699999999995,2456004.35042,360.0,7448487.0,2012-03-17T20:23:05.675006,1.0779969999999999,/STER/mercator/hermes/20120317/raw/00396550_HRF_OBJ.fits,51.91338940966964
396642,2,HRF_OBJ,-28.299841999999998,Pierre Royer,HD46300,98.22584,7.3329699999999995,2456005.344771,360.0,8873379.0,2012-03-18T20:15:05.616590,1.076727,/STER/mercator/hermes/20120318/raw/00396642_HRF_OBJ.fits,51.91820489963034
396739,2,HRF_OBJ,-28.400147999999998,Pierre Royer,HD46300,98.22584,7.3329699999999995,2456006.348164,360.0,10558153.0,2012-03-19T20:20:07.003046,1.079928,/STER/mercator/hermes/20120319/raw/00396739_HRF_OBJ.fits,51.91338940966964
396842,2,HRF_OBJ,-28.520190000000003,Pierre Royer,HD46300,98.22584,7.3329699999999995,2456007.362774,360.0,8022378.0,2012-03-20T20:41:17.633174,1.097477,/STER/mercator/hermes/20120320/raw/00396842_HRF_OBJ.fits,51.90375708944392
396956,2,HRF_OBJ,-28.554268,Pierre Royer,HD46300,98.22584,7.3329699999999995,2456008.347604,360.0,9513806.0,2012-03-21T20:19:34.976393,1.083719,/STER/mercator/hermes/20120321/raw/00396956_HRF_OBJ.fits,51.91338940966964
397059,2,HRF_OBJ,-28.713733,Pierre Royer,HD46300,98.22584,7.3329699999999995,2456009.3858189997,360.0,5364691.0,2012-03-22T21:14:45.291005,1.156468,/STER/mercator/hermes/20120322/raw/00397059_HRF_OBJ.fits,51.92301994298868
397153,2,HRF_OBJ,-28.675092,Pierre Royer,HD46300,98.22584,7.3329699999999995,2456010.348288,360.0,11595850.0,2012-03-23T20:20:50.564455,1.089958,/STER/mercator/hermes/20120323/raw/00397153_HRF_OBJ.fits,51.91338940966964
397251,2,HRF_OBJ,-28.746623,Pierre Royer,HD46300,98.22584,7.3329699999999995,2456011.358507,360.0,8524657.0,2012-03-24T20:35:41.803863,1.108357,/STER/mercator/hermes/20120324/raw/00397251_HRF_OBJ.fits,51.91338940966964
397359,2,HRF_OBJ,-28.782932000000002,Pierre Royer,HD46300,98.22584,7.3329699999999995,2456012.358412,360.0,9413842.0,2012-03-25T20:35:41.823525,1.113073,/STER/mercator/hermes/20120325/raw/00397359_HRF_OBJ.fits,51.91338940966964
404683,2,HRF_OBJ,-3.754957,Christos Siopis,HD118098,203.67333,-0.59583,2456037.50921,140.0,11149738.0,2012-04-20T00:05:05.450186,1.175801,/STER/mercator/hermes/20120419/raw/00404683_HRF_OBJ.fits,51.42956348249516
404778,2,HRF_OBJ,-4.608371,Christos Siopis,HD118098,203.67333,-0.59583,2456038.627104,140.0,12110064.0,2012-04-21T02:54:52.803940,1.3454620000000002,/STER/mercator/hermes/20120420/raw/00404778_HRF_OBJ.fits,51.42956348249516
406927,2,HRF_OBJ,-14.624526000000001,Roy Ostensen,HD118098,203.67333,-0.59583,2456061.3594049998,140.0,4832172.0,2012-05-13T20:30:27.745231,1.559333,/STER/mercator/hermes/20120513/raw/00406927_HRF_OBJ.fits,51.45872132107443
407050,2,HRF_OBJ,-28.711109000000004,Roy Ostensen,HD87887,151.98458,-0.37164,2456063.365877,360.0,6522420.0,2012-05-15T20:45:36.747540,1.184499,/STER/mercator/hermes/20120515/raw/00407050_HRF_OBJ.fits,51.478150704935004
407116,2,HRF_OBJ,-28.776096999999996,Steven Bloemen,HD87887,151.98458,-0.37164,2456064.360408,360.0,1564541.0,2012-05-16T20:37:52.426159,1.179486,/STER/mercator/hermes/20120516/raw/00407116_HRF_OBJ.fits,51.44900387762624
410990,2,HRF_OBJ,-24.405614,Hans Van Winckel,HD118098,203.67333,-0.59583,2456088.441165,100.0,7095381.0,2012-06-09T22:30:47.665517,1.1865299999999999,/STER/mercator/hermes/20120609/raw/00410990_HRF_OBJ.fits,51.41011573610781
413031,2,HRF_OBJ,-28.730644,Nick Cox,HD118098,203.67333,-0.59583,2456114.375533,140.0,17319413.0,2012-07-05T20:59:38.073711,1.20252,/STER/mercator/hermes/20120705/raw/00413031_HRF_OBJ.fits,51.468436929831086
413111,2,HRF_OBJ,-3.454142,Nick Cox,HD149212,246.99582999999998,68.76814,2456115.378984,230.0,7620114.0,2012-07-06T21:06:34.560594,1.3522889999999999,/STER/mercator/hermes/20120706/raw/00413111_HRF_OBJ.fits,51.468436929831086
413201,2,HRF_OBJ,-28.868636,Nick Cox,HD118098,203.67333,-0.59583,2456116.378464,140.0,18641241.0,2012-07-07T21:04:07.881897,1.224892,/STER/mercator/hermes/20120707/raw/00413201_HRF_OBJ.fits,51.49757275833493
413289,2,HRF_OBJ,-28.910724,Nick Cox,HD118098,203.67333,-0.59583,2456117.373699,60.0,7924979.0,2012-07-08T20:57:24.438808,1.220634,/STER/mercator/hermes/20120708/raw/00413289_HRF_OBJ.fits,51.507281038703645
413369,2,HRF_OBJ,-28.970781,Nick Cox,HD118098,203.67333,-0.59583,2456118.3795169997,140.0,13516200.0,2012-07-09T21:05:55.503966,1.245642,/STER/mercator/hermes/20120709/raw/00413369_HRF_OBJ.fits,51.468436929831086
413467,2,HRF_OBJ,-19.210836999999998,Nick Cox,HD147449,245.51792000000003,1.02903,2456119.383935,300.0,8615906.0,2012-07-10T21:07:21.015949,1.189686,/STER/mercator/hermes/20120710/raw/00413467_HRF_OBJ.fits,51.468436929831086
413565,2,HRF_OBJ,-19.534484,Nick Cox,HD147449,245.51792000000003,1.02903,2456120.3823220003,480.0,13740768.0,2012-07-11T21:05:07.277677,1.1893559999999999,/STER/mercator/hermes/20120711/raw/00413565_HRF_OBJ.fits,51.487862647424
415529,2,HRF_OBJ,2.193366,Joris Vos,HD185395,294.11041,50.221109999999996,2456138.3793430002,360.0,14468586.0,2012-07-29T21:03:22.484760,1.3578,/STER/mercator/hermes/20120729/raw/00415529_HRF_OBJ.fits,51.419840528729765
415603,2,HRF_OBJ,-20.850548999999997,Joris Vos,HD152614,253.50207999999998,10.16536,2456139.378246,180.0,9029603.0,2012-07-30T21:00:48.308472,1.064758,/STER/mercator/hermes/20120730/raw/00415603_HRF_OBJ.fits,51.42956348249516
415955,2,HRF_OBJ,-1.736373,Joris Vos,HD149212,246.99582999999998,68.76814,2456144.371651,500.0,4566421.0,2012-08-04T20:56:23.324199,1.3061450000000001,/STER/mercator/hermes/20120804/raw/00415955_HRF_OBJ.fits,51.40038910358559
416028,2,HRF_OBJ,0.721734,Joris Vos,HD184006,292.42666,51.72978,2456145.4242169997,110.0,9085955.0,2012-08-05T22:08:11.805253,1.1439979999999998,/STER/mercator/hermes/20120805/raw/00416028_HRF_OBJ.fits,51.41011573610781
416172,2,HRF_OBJ,-22.511802,Patricia Lampens,HD152614,253.50207999999998,10.16536,2456147.372965,330.0,18563368.0,2012-08-07T20:54:02.103610,1.0562340000000001,/STER/mercator/hermes/20120807/raw/00416172_HRF_OBJ.fits,51.42956348249516
416253,2,HRF_OBJ,-22.696773999999998,Patricia Lampens,HD152614,253.50207999999998,10.16536,2456148.3734069997,330.0,17049407.0,2012-08-08T20:54:46.769064,1.055766,/STER/mercator/hermes/20120808/raw/00416253_HRF_OBJ.fits,51.49757275833493
416406,2,HRF_OBJ,-23.039697,Patricia Lampens,HD152614,253.50207999999998,10.16536,2456150.371108,250.0,10366765.0,2012-08-10T20:51:41.360283,1.055715,/STER/mercator/hermes/20120810/raw/00416406_HRF_OBJ.fits,51.419840528729765
416485,2,HRF_OBJ,-23.19272,Patricia Lampens,HD152614,253.50207999999998,10.16536,2456151.366613,330.0,11632289.0,2012-08-11T20:45:19.653630,1.055667,/STER/mercator/hermes/20120811/raw/00416485_HRF_OBJ.fits,51.49757275833493
416718,2,HRF_OBJ,-23.502619,Patricia Lampens,HD152614,253.50207999999998,10.16536,2456153.36633,330.0,15455109.0,2012-08-13T20:45:08.636294,1.0561,/STER/mercator/hermes/20120813/raw/00416718_HRF_OBJ.fits,51.43928459844674
416837,2,HRF_OBJ,-23.653201,Patricia Lampens,HD152614,253.50207999999998,10.16536,2456154.368335,330.0,14124127.0,2012-08-14T20:48:08.619130,1.057426,/STER/mercator/hermes/20120814/raw/00416837_HRF_OBJ.fits,51.434424270132546
416919,2,HRF_OBJ,-23.786215,Patricia Lampens,HD152614,253.50207999999998,10.16536,2456155.366337,330.0,18497063.0,2012-08-15T20:45:22.828488,1.057734,/STER/mercator/hermes/20120815/raw/00416919_HRF_OBJ.fits,51.45872132107443
417162,2,HRF_OBJ,-24.044739,Peter Papics,HD152614,253.50207999999998,10.16536,2456157.367561,330.0,17783488.0,2012-08-17T20:47:22.355290,1.061382,/STER/mercator/hermes/20120817/raw/00417162_HRF_OBJ.fits,51.41497836234107
417324,2,HRF_OBJ,27.042648,Peter Papics,HD14055,34.32875,33.847190000000005,2456158.745825,230.0,17184029.0,2012-08-19T05:52:13.561084,1.005279,/STER/mercator/hermes/20120818/raw/00417324_HRF_OBJ.fits,51.37119815616529
417597,2,HRF_OBJ,26.844603999999997,Peter Papics,HD14055,34.32875,33.847190000000005,2456160.7257439997,230.0,11898567.0,2012-08-21T05:23:03.174144,1.004724,/STER/mercator/hermes/20120820/raw/00417597_HRF_OBJ.fits,51.41011573610781
417784,2,HRF_OBJ,-24.47568,Peter Papics,HD152614,253.50207999999998,10.16536,2456161.371059,330.0,13102486.0,2012-08-21T20:52:52.533538,1.0755700000000001,/STER/mercator/hermes/20120821/raw/00417784_HRF_OBJ.fits,51.468436929831086
418893,2,HRF_OBJ,-3.866578,Pablo Marcos Arenal,HD185395,294.11041,50.221109999999996,2456173.3520509996,240.0,10127003.0,2012-09-02T20:24:14.629975,1.135182,/STER/mercator/hermes/20120902/raw/00418893_HRF_OBJ.fits,51.41497836234107
419402,2,HRF_OBJ,23.272914,Pablo Marcos Arenal,HD14055,34.32875,33.847190000000005,2456179.641693,230.0,3180862.0,2012-09-09T03:19:43.682185,1.0279040000000002,/STER/mercator/hermes/20120908/raw/00419402_HRF_OBJ.fits,51.419840528729765
419493,2,HRF_OBJ,23.152987,Pablo Marcos Arenal,HD14055,34.32875,33.847190000000005,2456180.57362,110.0,7777280.0,2012-09-10T01:41:36.001675,1.186002,/STER/mercator/hermes/20120909/raw/00419493_HRF_OBJ.fits,51.419840528729765
420039,2,HRF_OBJ,-5.390783,Thibault Merle,HD184006,292.42666,51.72978,2456185.356995,95.0,7914606.0,2012-09-14T20:31:52.463057,1.093817,/STER/mercator/hermes/20120914/raw/00420039_HRF_OBJ.fits,51.41011573610781
420176,2,HRF_OBJ,-25.864314,Thibault Merle,HD147449,245.51792000000003,1.02903,2456186.324642,480.0,14136560.0,2012-09-15T19:50:04.861926,1.280329,/STER/mercator/hermes/20120915/raw/00420176_HRF_OBJ.fits,51.45872132107443
420306,2,HRF_OBJ,,Thibault Merle,HD184006,292.42666,51.72978,,190.0,15103833.0,2012-09-16T19:54:33.975560,1.1123040000000002,/STER/mercator/hermes/20120916/raw/00420306_HRF_OBJ.fits,51.468436929831086
420438,2,HRF_OBJ,-24.273856,Thibault Merle,HD152614,253.50207999999998,10.16536,2456188.328905,250.0,9126263.0,2012-09-17T19:55:22.084415,1.145338,/STER/mercator/hermes/20120917/raw/00420438_HRF_OBJ.fits,51.45872132107443
420558,2,HRF_OBJ,-6.2778529999999995,Thibault Merle,HD206826,326.03583,28.74261,2456189.339,360.0,9411923.0,2012-09-18T20:01:57.581300,1.310708,/STER/mercator/hermes/20120918/raw/00420558_HRF_OBJ.fits,51.44900387762624
420864,2,HRF_OBJ,0.828735,Thibault Merle,HD220657,351.345,23.40411,2456192.533142,330.0,7202289.0,2012-09-22T00:40:10.172428,1.004593,/STER/mercator/hermes/20120921/raw/00420864_HRF_OBJ.fits,51.43928459844674
420937,2,HRF_OBJ,-6.923833,Thibault Merle,HD185395,294.11041,50.221109999999996,2456193.338723,360.0,7414488.0,2012-09-22T20:05:34.881449,1.083926,/STER/mercator/hermes/20120922/raw/00420937_HRF_OBJ.fits,51.478150704935004
421043,2,HRF_OBJ,18.591795,Thibault Merle,HD14055,34.32875,33.847190000000005,2456194.609909,195.0,11376038.0,2012-09-24T02:32:27.012984,1.018948,/STER/mercator/hermes/20120923/raw/00421043_HRF_OBJ.fits,51.419840528729765
421339,2,HRF_OBJ,17.878546,Paul Beck,HD14055,34.32875,33.847190000000005,2456196.600425,250.0,13518225.0,2012-09-26T02:18:37.206748,1.02348,/STER/mercator/hermes/20120925/raw/00421339_HRF_OBJ.fits,51.419840528729765
428010,2,HRF_OBJ,-9.299995,KULeuven & UvA master students,HD185395,294.11041,50.221109999999996,2456214.3249310004,360.0,7047754.0,2012-10-13T19:46:32.774992,1.079456,/STER/mercator/hermes/20121013/raw/00428010_HRF_OBJ.fits,51.41011573610781
437359,2,HRF_OBJ,-10.408544000000001,Kenneth Desmedt,HD185395,294.11041,50.221109999999996,2456254.306282,360.0,10464671.0,2012-11-22T19:21:38.640192,1.249135,/STER/mercator/hermes/20121122/raw/00437359_HRF_OBJ.fits,51.273774973177076
437634,2,HRF_OBJ,-10.404607,Kenneth Desmedt,HD185395,294.11041,50.221109999999996,2456255.337352,360.0,4464583.0,2012-11-23T20:06:26.135826,1.398485,/STER/mercator/hermes/20121123/raw/00437634_HRF_OBJ.fits,51.28352561983234
437726,2,HRF_OBJ,-23.105001,Kenneth Desmedt,HD214994,340.43916,29.307640000000003,2456256.305986,550.0,4543941.0,2012-11-24T19:18:04.443195,1.004361,/STER/mercator/hermes/20121124/raw/00437726_HRF_OBJ.fits,51.273774973177076
438789,2,HRF_OBJ,14.609217000000001,Kenneth Desmedt,HD56169,109.63333,49.46475,2456264.583344,840.0,5117411.0,2012-12-03T01:53:54.456649,1.1563219999999998,/STER/mercator/hermes/20121202/raw/00438789_HRF_OBJ.fits,51.273774973177076
439624,2,HRF_OBJ,,Jonathan Menu,HD220657,351.345,23.40411,,450.0,5420946.0,2012-12-05T19:18:12.600111,1.0086469999999998,/STER/mercator/hermes/20121205/raw/00439624_HRF_OBJ.fits,51.273774973177076
439715,2,HRF_OBJ,-26.246657,Jonathan Menu,HD220657,351.345,23.40411,2456268.301024,330.0,8498509.0,2012-12-06T19:11:18.105564,1.009395,/STER/mercator/hermes/20121206/raw/00439715_HRF_OBJ.fits,51.273774973177076
440609,2,HRF_OBJ,-23.403713,Jonathan Menu,HD206826,326.03583,28.74261,2456269.3371599996,1300.0,8904798.0,2012-12-07T20:06:07.204538,1.130213,/STER/mercator/hermes/20121207/raw/00440609_HRF_OBJ.fits,51.273774973177076
440692,2,HRF_OBJ,-26.537387,Jonathan Menu,HD220657,351.345,23.40411,2456270.30375,500.0,9897799.0,2012-12-08T19:15:28.931252,1.006068,/STER/mercator/hermes/20121208/raw/00440692_HRF_OBJ.fits,51.28352561983234
446073,2,HRF_OBJ,16.36734,Christoffel Waelkens,HD84937,147.23375,13.74425,2456304.6954630003,800.0,999958.0,2013-01-12T04:34:35.794994,1.062,/STER/mercator/hermes/20130111/raw/00446073_HRF_OBJ.fits,51.254268114957995
446461,2,HRF_OBJ,-27.088807,Adam Sodor,HD14055,34.32875,33.847190000000005,2456307.337931,230.0,6571298.0,2013-01-14T20:04:08.356710,1.004912,/STER/mercator/hermes/20130114/raw/00446461_HRF_OBJ.fits,51.254268114957995
446574,2,HRF_OBJ,-27.218636,Adam Sodor,HD14055,34.32875,33.847190000000005,2456308.323718,180.0,5073947.0,2013-01-15T19:43:48.081554,1.004401,/STER/mercator/hermes/20130115/raw/00446574_HRF_OBJ.fits,51.273774973177076
446714,2,HRF_OBJ,-27.358323,Adam Sodor,HD14055,34.32875,33.847190000000005,2456309.317657,100.0,5128700.0,2013-01-16T19:35:12.212536,1.004841,/STER/mercator/hermes/20130116/raw/00446714_HRF_OBJ.fits,51.28352561983234
446954,2,HRF_OBJ,-27.501388000000002,Adam Sodor,HD14055,34.32875,33.847190000000005,2456310.316947,120.0,7353923.0,2013-01-17T19:34:18.760251,1.004501,/STER/mercator/hermes/20130117/raw/00446954_HRF_OBJ.fits,51.332251070842396
447103,2,HRF_OBJ,-27.724119,Adam Sodor,HD14055,34.32875,33.847190000000005,2456311.355693,230.0,9663038.0,2013-01-18T20:30:14.662247,1.0236379999999998,/STER/mercator/hermes/20130118/raw/00447103_HRF_OBJ.fits,51.254268114957995
447306,2,HRF_OBJ,-27.896718,Adam Sodor,HD14055,34.32875,33.847190000000005,2456313.3230520003,230.0,16960141.0,2013-01-20T19:43:30.234287,1.0054049999999999,/STER/mercator/hermes/20130120/raw/00447306_HRF_OBJ.fits,51.32250968142536
448276,2,HRF_OBJ,-28.271569,Hans Van Winckel,HD14055,34.32875,33.847190000000005,2456317.316789,120.0,7188789.0,2013-01-24T19:35:01.432551,1.007427,/STER/mercator/hermes/20130124/raw/00448276_HRF_OBJ.fits,51.31276644267
450470,2,HRF_OBJ,27.393393,Hans Van Winckel,HD118098,203.67333,-0.59583,2456327.7337060003,140.0,16791728.0,2013-02-04T05:33:16.467857,1.151882,/STER/mercator/hermes/20130203/raw/00450470_HRF_OBJ.fits,51.15662224971465
450605,2,HRF_OBJ,-23.019453,Simone Scaringi,HD36267,82.69625,5.94814,2456328.387356,570.0,16359909.0,2013-02-04T21:13:10.407380,1.096743,/STER/mercator/hermes/20130204/raw/00450605_HRF_OBJ.fits,51.44900387762624
451270,2,HRF_OBJ,8.268386,Simone Scaringi,HD87887,151.98458,-0.37164,2456330.587511,360.0,1172350.0,2013-02-07T01:58:14.716630,1.1489559999999999,/STER/mercator/hermes/20130206/raw/00451270_HRF_OBJ.fits,51.24451190127583
451528,2,HRF_OBJ,-15.226445000000002,Simone Scaringi,HD56169,109.63333,49.46475,2456331.4806540003,575.0,13727679.0,2013-02-07T23:26:10.156416,1.069325,/STER/mercator/hermes/20130207/raw/00451528_HRF_OBJ.fits,51.24451190127583
451750,2,HRF_OBJ,7.213172999999999,Simone Scaringi,HD87887,151.98458,-0.37164,2456332.598756,360.0,9983938.0,2013-02-09T02:14:21.801408,1.1470719999999999,/STER/mercator/hermes/20130208/raw/00451750_HRF_OBJ.fits,51.234753829797995
451840,2,HRF_OBJ,6.734639,Simone Scaringi,HD87887,151.98458,-0.37164,2456333.5872380002,360.0,8269389.0,2013-02-10T01:57:44.634743,1.1464889999999999,/STER/mercator/hermes/20130209/raw/00451840_HRF_OBJ.fits,51.24451190127583
451924,2,HRF_OBJ,1.809174,Simone Scaringi,HD84937,147.23375,13.74425,2456334.5019779997,800.0,829719.0,2013-02-10T23:54:39.163060,1.147558,/STER/mercator/hermes/20130210/raw/00451924_HRF_OBJ.fits,51.24451190127583
452181,2,HRF_OBJ,-20.205165,Simone Scaringi,HD46300,98.22584,7.3329699999999995,2456335.432635,360.0,13382549.0,2013-02-11T22:17:23.907812,1.074935,/STER/mercator/hermes/20130211/raw/00452181_HRF_OBJ.fits,51.24451190127583
452261,2,HRF_OBJ,-25.167824,Simone Scaringi,HD36267,82.69625,5.94814,2456336.361729,570.0,7524237.0,2013-02-12T20:37:11.869168,1.1000299999999998,/STER/mercator/hermes/20130212/raw/00452261_HRF_OBJ.fits,51.29327441292864
452369,2,HRF_OBJ,-25.394942,Simone Scaringi,HD36267,82.69625,5.94814,2456337.356929,570.0,23255072.0,2013-02-13T20:30:24.359442,1.102347,/STER/mercator/hermes/20130213/raw/00452369_HRF_OBJ.fits,51.30302135352264
452439,2,HRF_OBJ,-21.04164,Allard-Jan Van Marle,HD46300,98.22584,7.3329699999999995,2456338.348966,360.0,6756740.0,2013-02-14T20:17:12.352202,1.204467,/STER/mercator/hermes/20130214/raw/00452439_HRF_OBJ.fits,51.30302135352264
452529,2,HRF_OBJ,-26.009904000000002,Allard-Jan Van Marle,HD36267,82.69625,5.94814,2456339.4149619997,570.0,16697956.0,2013-02-15T21:54:13.692056,1.110922,/STER/mercator/hermes/20130215/raw/00452529_HRF_OBJ.fits,51.234753829797995
452610,2,HRF_OBJ,-26.032857,Allard-Jan Van Marle,HD36267,82.69625,5.94814,2456340.345111,570.0,6549682.0,2013-02-16T20:13:45.488543,1.106665,/STER/mercator/hermes/20130216/raw/00452610_HRF_OBJ.fits,51.28352561983234
452847,2,HRF_OBJ,,Allard-Jan Van Marle,HD46300,98.22584,7.3329699999999995,,360.0,3744892.0,2013-02-17T20:30:22.667524,1.14968,/STER/mercator/hermes/20130217/raw/00452847_HRF_OBJ.fits,51.29327441292864
453086,2,HRF_OBJ,-27.04958,Allard-Jan Van Marle,HD36267,82.69625,5.94814,2456344.435656,570.0,30861337.0,2013-02-20T22:24:39.833468,1.192922,/STER/mercator/hermes/20130220/raw/00453086_HRF_OBJ.fits,51.2396330978277
453174,2,HRF_OBJ,-27.2455,Allard-Jan Van Marle,HD36267,82.69625,5.94814,2456345.4456950002,570.0,16475272.0,2013-02-21T22:39:15.051897,1.2412459999999998,/STER/mercator/hermes/20130221/raw/00453174_HRF_OBJ.fits,51.22499389946279
453329,2,HRF_OBJ,-24.314123000000002,Allard-Jan Van Marle,HD46300,98.22584,7.3329699999999995,2456348.411514,360.0,15738093.0,2013-02-24T21:48:22.626852,1.078663,/STER/mercator/hermes/20130224/raw/00453329_HRF_OBJ.fits,51.264022471905186
453415,2,HRF_OBJ,-18.810204000000002,Sophie Van Eck,HD42818,94.71167,69.31978000000001,2456349.3774900003,480.0,8142864.0,2013-02-25T21:01:09.913827,1.317388,/STER/mercator/hermes/20130225/raw/00453415_HRF_OBJ.fits,51.32250968142536
453547,2,HRF_OBJ,-25.231412,Sophie Van Eck,HD46300,98.22584,7.3329699999999995,2456351.460019,520.0,7566063.0,2013-02-27T22:58:35.124120,1.179734,/STER/mercator/hermes/20130227/raw/00453547_HRF_OBJ.fits,51.22499389946279
453582,2,HRF_OBJ,-25.203162,Sophie Van Eck,HD46300,98.22584,7.3329699999999995,2456352.358521,360.0,13680628.0,2013-02-28T20:32:32.245775,1.090745,/STER/mercator/hermes/20130228/raw/00453582_HRF_OBJ.fits,51.21523210920751
453675,2,HRF_OBJ,-25.380142000000003,"Sophie Van Eck, Stephane Goriely",HD46300,98.22584,7.3329699999999995,2456353.334766,360.0,4192676.0,2013-03-01T19:58:26.953586,1.124549,/STER/mercator/hermes/20130301/raw/00453675_HRF_OBJ.fits,51.254268114957995
453727,2,HRF_OBJ,-25.681946,"Sophie Van Eck, Stephane Goriely",HD46300,98.22584,7.3329699999999995,2456354.3595740004,360.0,8849942.0,2013-03-02T20:34:17.907660,1.084041,/STER/mercator/hermes/20130302/raw/00453727_HRF_OBJ.fits,51.22499389946279
453832,2,HRF_OBJ,-23.344659,"Sophie Van Eck, Stephane Goriely",HD56169,109.63333,49.46475,2456358.34091,575.0,7654892.0,2013-03-06T20:07:28.815027,1.1208799999999999,/STER/mercator/hermes/20130306/raw/00453832_HRF_OBJ.fits,51.24451190127583
456183,2,HRF_OBJ,9.931842,Pablo Marcos Arenal,HD118098,203.67333,-0.59583,2456375.5223330003,140.0,7597709.0,2013-03-24T00:24:23.390865,1.3924459999999999,/STER/mercator/hermes/20130323/raw/00456183_HRF_OBJ.fits,51.22499389946279
456251,2,HRF_OBJ,-20.886256,Pablo Marcos Arenal,HD42818,94.71167,69.31978000000001,2456376.46035,220.0,7333219.0,2013-03-24T23:03:06.587115,1.592268,/STER/mercator/hermes/20130324/raw/00456251_HRF_OBJ.fits,51.20546845796843
456474,2,HRF_OBJ,8.778596,Pablo Marcos Arenal,HD118098,203.67333,-0.59583,2456377.583629,100.0,9339888.0,2013-03-26T01:52:33.882076,1.167215,/STER/mercator/hermes/20130325/raw/00456474_HRF_OBJ.fits,51.21523210920751
456779,2,HRF_OBJ,6.918562,Pablo Marcos Arenal,HD118098,203.67333,-0.59583,2456381.543373,140.0,13495153.0,2013-03-30T00:54:26.909556,1.229891,/STER/mercator/hermes/20130329/raw/00456779_HRF_OBJ.fits,51.21523210920751
458874,2,HRF_OBJ,-26.395872999999998,Patricia Lampens,HD56169,109.63333,49.46475,2456394.3535700003,575.0,5862603.0,2013-04-11T20:30:09.463525,1.105121,/STER/mercator/hermes/20130411/raw/00458874_HRF_OBJ.fits,51.22499389946279
459450,2,HRF_OBJ,-26.185677,Patricia Lampens,HD56169,109.63333,49.46475,2456397.353054,475.0,5932138.0,2013-04-14T20:29:47.577202,1.118236,/STER/mercator/hermes/20130414/raw/00459450_HRF_OBJ.fits,51.20546845796843
459639,2,HRF_OBJ,-27.617174,Patricia Lampens,HD46300,98.22584,7.3329699999999995,2456398.348494,320.0,8181056.0,2013-04-15T20:24:14.736996,1.268985,/STER/mercator/hermes/20130415/raw/00459639_HRF_OBJ.fits,51.20546845796843
459821,2,HRF_OBJ,-26.006679000000002,Patricia Lampens,HD56169,109.63333,49.46475,2456399.352945,575.0,5724531.0,2013-04-16T20:29:53.105843,1.12689,/STER/mercator/hermes/20130416/raw/00459821_HRF_OBJ.fits,51.20546845796843
459987,2,HRF_OBJ,-25.907197,Patricia Lampens,HD56169,109.63333,49.46475,2456400.35392,375.0,8102520.0,2013-04-17T20:31:24.841492,1.136332,/STER/mercator/hermes/20130417/raw/00459987_HRF_OBJ.fits,51.22499389946279
460699,2,HRF_OBJ,-25.684867,Patricia Lampens,HD56169,109.63333,49.46475,2456402.355122,400.0,5069556.0,2013-04-19T20:33:23.491400,1.15044,/STER/mercator/hermes/20130419/raw/00460699_HRF_OBJ.fits,51.31276644267
460839,2,HRF_OBJ,-25.482805,Patricia Lampens,HD56169,109.63333,49.46475,2456404.398552,400.0,7484538.0,2013-04-21T21:36:10.810175,1.308162,/STER/mercator/hermes/20130421/raw/00460839_HRF_OBJ.fits,51.31276644267
469053,2,HRF_OBJ,-28.822169,Peter Nemeth,HD84937,147.23375,13.74425,2456415.366579,800.0,935439.0,2013-05-02T20:46:05.258155,1.040238,/STER/mercator/hermes/20130502/raw/00469053_HRF_OBJ.fits,51.264022471905186
469194,2,HRF_OBJ,-23.360906,Peter Nemeth,HD56169,109.63333,49.46475,2456416.3615349997,500.0,9503933.0,2013-05-03T20:44:16.356399,1.291677,/STER/mercator/hermes/20130503/raw/00469194_HRF_OBJ.fits,51.273774973177076
469364,2,HRF_OBJ,-27.249848999999998,Peter Nemeth,HD87887,151.98458,-0.37164,2456417.3557740003,240.0,10329808.0,2013-05-04T20:29:33.953018,1.146336,/STER/mercator/hermes/20130504/raw/00469364_HRF_OBJ.fits,51.288400248009296
469609,2,HRF_OBJ,-22.713292000000003,Peter Nemeth,HD56169,109.63333,49.46475,2456419.398002,575.0,8470879.0,2013-05-06T21:37:07.127152,1.541635,/STER/mercator/hermes/20130506/raw/00469609_HRF_OBJ.fits,51.254268114957995
469789,2,HRF_OBJ,-14.888860000000001,Peter Nemeth,HD42818,94.71167,69.31978000000001,2456420.369317,360.0,6949385.0,2013-05-07T20:55:57.094126,1.737468,/STER/mercator/hermes/20130507/raw/00469789_HRF_OBJ.fits,51.254268114957995
469961,2,HRF_OBJ,-27.907515000000004,Peter Nemeth,HD87887,151.98458,-0.37164,2456421.364116,360.0,4621819.0,2013-05-08T20:42:06.514954,1.153886,/STER/mercator/hermes/20130508/raw/00469961_HRF_OBJ.fits,51.273774973177076
471059,2,HRF_OBJ,4.8514040000000005,Valentina Schmid,HD147449,245.51792000000003,1.02903,2456427.532061,480.0,6784623.0,2013-05-15T00:38:28.103417,1.219357,/STER/mercator/hermes/20130514/raw/00471059_HRF_OBJ.fits,51.21523210920751
471598,2,HRF_OBJ,-17.070356,Valentina Schmid,HD118098,203.67333,-0.59583,2456432.380941,140.0,8893640.0,2013-05-19T21:01:56.100360,1.313205,/STER/mercator/hermes/20130519/raw/00471598_HRF_OBJ.fits,51.273774973177076
473114,2,HRF_OBJ,-18.732744,Lionel Siess,HD118098,203.67333,-0.59583,2456436.4227529997,140.0,13579514.0,2013-05-23T22:02:29.666213,1.1658110000000002,/STER/mercator/hermes/20130523/raw/00473114_HRF_OBJ.fits,51.249390240275055
473269,2,HRF_OBJ,-18.968326,Lionel Siess,HD118098,203.67333,-0.59583,2456437.373853,140.0,13959915.0,2013-05-24T20:52:09.873098,1.283533,/STER/mercator/hermes/20130524/raw/00473269_HRF_OBJ.fits,51.28352561983234
473348,2,HRF_OBJ,-19.335707,Lionel Siess,HD118098,203.67333,-0.59583,2456438.37382,140.0,13855726.0,2013-05-25T20:52:12.625894,1.272645,/STER/mercator/hermes/20130525/raw/00473348_HRF_OBJ.fits,51.264022471905186
473505,2,HRF_OBJ,-20.059518,Lionel Siess,HD118098,203.67333,-0.59583,2456440.375263,140.0,14290350.0,2013-05-27T20:54:28.753791,1.2474889999999998,/STER/mercator/hermes/20130527/raw/00473505_HRF_OBJ.fits,51.27865052826566
473976,2,HRF_OBJ,-20.743315,Lionel Siess,HD118098,203.67333,-0.59583,2456442.3694680003,140.0,5917391.0,2013-05-29T20:46:19.846571,1.248133,/STER/mercator/hermes/20130529/raw/00473976_HRF_OBJ.fits,51.273774973177076
474126,2,HRF_OBJ,-21.069035999999997,Lionel Siess,HD118098,203.67333,-0.59583,2456443.3635400003,140.0,13502625.0,2013-05-30T20:37:53.686618,1.258956,/STER/mercator/hermes/20130530/raw/00474126_HRF_OBJ.fits,51.28352561983234
474313,2,HRF_OBJ,-21.414153,Lionel Siess,HD118098,203.67333,-0.59583,2456444.366873,140.0,16184377.0,2013-05-31T20:42:47.868617,1.2383709999999999,/STER/mercator/hermes/20130531/raw/00474313_HRF_OBJ.fits,51.3176382932808
474390,2,HRF_OBJ,-21.773643,Lionel Siess,HD118098,203.67333,-0.59583,2456445.377463,140.0,16723091.0,2013-06-01T20:58:09.141843,1.201775,/STER/mercator/hermes/20130601/raw/00474390_HRF_OBJ.fits,51.27865052826566
474479,2,HRF_OBJ,-22.090324,Lionel Siess,HD118098,203.67333,-0.59583,2456446.374728,140.0,15514862.0,2013-06-02T20:54:19.183286,1.2015870000000002,/STER/mercator/hermes/20130602/raw/00474479_HRF_OBJ.fits,51.273774973177076
474557,2,HRF_OBJ,-22.480527,Ward Homan,HD118098,203.67333,-0.59583,2456447.4002509997,140.0,12998626.0,2013-06-03T21:31:11.037002,1.156931,/STER/mercator/hermes/20130603/raw/00474557_HRF_OBJ.fits,51.28352561983234
474630,2,HRF_OBJ,-22.953917999999998,Ward Homan,HD118098,203.67333,-0.59583,2456448.457043,77.902,61137.0,2013-06-04T22:53:04.744753,1.18908,/STER/mercator/hermes/20130604/raw/00474630_HRF_OBJ.fits,51.20546845796843
474688,2,HRF_OBJ,-23.036279,Ward Homan,HD118098,203.67333,-0.59583,2456449.3789049997,140.0,15313885.0,2013-06-05T21:00:39.777939,1.176628,/STER/mercator/hermes/20130605/raw/00474688_HRF_OBJ.fits,51.268898954434356
474865,2,HRF_OBJ,-23.626387,Ward Homan,HD118098,203.67333,-0.59583,2456451.379355,140.0,14757204.0,2013-06-07T21:01:32.139540,1.1676030000000002,/STER/mercator/hermes/20130607/raw/00474865_HRF_OBJ.fits,51.28352561983234
474937,2,HRF_OBJ,-23.912626,Ward Homan,HD118098,203.67333,-0.59583,2456452.380244,140.0,14801999.0,2013-06-08T21:02:55.801414,1.162978,/STER/mercator/hermes/20130608/raw/00474937_HRF_OBJ.fits,51.264022471905186
475011,2,HRF_OBJ,-24.203726,Ward Homan,HD118098,203.67333,-0.59583,2456453.385442,75.0,8012357.0,2013-06-09T21:10:31.907616,1.1549690000000001,/STER/mercator/hermes/20130609/raw/00475011_HRF_OBJ.fits,51.264022471905186
475104,2,HRF_OBJ,-24.459463,Ward Homan,HD118098,203.67333,-0.59583,2456454.38073,140.0,15297003.0,2013-06-10T21:03:51.787253,1.156809,/STER/mercator/hermes/20130610/raw/00475104_HRF_OBJ.fits,51.264022471905186
475208,2,HRF_OBJ,-24.722219,Ward Homan,HD118098,203.67333,-0.59583,2456455.381168,140.0,14874989.0,2013-06-11T21:04:36.675752,1.1542270000000001,/STER/mercator/hermes/20130611/raw/00475208_HRF_OBJ.fits,51.254268114957995
476871,2,HRF_OBJ,-27.419891999999997,Jonas Debosscher,HD118098,203.67333,-0.59583,2456468.3765740003,140.0,16478612.0,2013-06-24T20:59:37.814701,1.155267,/STER/mercator/hermes/20130624/raw/00476871_HRF_OBJ.fits,51.28352561983234
476950,2,HRF_OBJ,-13.613795999999999,Jonas Debosscher,HD147449,245.51792000000003,1.02903,2456469.380195,480.0,12878934.0,2013-06-25T21:00:44.684966,1.381833,/STER/mercator/hermes/20130625/raw/00476950_HRF_OBJ.fits,51.22499389946279
477012,2,HRF_OBJ,-3.882483,Jonas Debosscher,HD149212,246.99582999999998,68.76814,2456470.380476,230.0,5545242.0,2013-06-26T21:08:32.589637,1.3998,/STER/mercator/hermes/20130626/raw/00477012_HRF_OBJ.fits,51.21523210920751
477077,2,HRF_OBJ,-10.344497,Jonas Debosscher,HD152614,253.50207999999998,10.16536,2456471.383726,330.0,12060598.0,2013-06-27T21:06:06.873130,1.3346559999999998,/STER/mercator/hermes/20130627/raw/00477077_HRF_OBJ.fits,51.21523210920751
477209,2,HRF_OBJ,-15.197348000000002,Jonas Debosscher,HD147449,245.51792000000003,1.02903,2456473.386129,480.0,12590895.0,2013-06-29T21:09:34.304727,1.2924579999999999,/STER/mercator/hermes/20130629/raw/00477209_HRF_OBJ.fits,51.21523210920751
477338,2,HRF_OBJ,-28.409452,Jonas Debosscher,HD118098,203.67333,-0.59583,2456475.391484,240.0,5814695.0,2013-07-01T21:22:02.322311,1.2107649999999999,/STER/mercator/hermes/20130701/raw/00477338_HRF_OBJ.fits,51.21523210920751
477426,2,HRF_OBJ,-16.314692,Jonas Debosscher,HD147449,245.51792000000003,1.02903,2456476.378784,480.0,11863846.0,2013-07-02T20:59:13.419922,1.2879459999999998,/STER/mercator/hermes/20130702/raw/00477426_HRF_OBJ.fits,51.234753829797995
477494,2,HRF_OBJ,-12.569377000000001,Jonas Debosscher,HD152614,253.50207999999998,10.16536,2456477.3745689997,330.0,13037810.0,2013-07-03T20:53:15.890888,1.291298,/STER/mercator/hermes/20130703/raw/00477494_HRF_OBJ.fits,51.22499389946279
477564,2,HRF_OBJ,-28.671583000000002,Kenneth De Smedt,HD118098,203.67333,-0.59583,2456478.380938,100.0,12587966.0,2013-07-04T21:07:15.706259,1.207603,/STER/mercator/hermes/20130704/raw/00477564_HRF_OBJ.fits,51.264022471905186
477640,2,HRF_OBJ,-28.754340999999997,Kenneth De Smedt,HD118098,203.67333,-0.59583,2456479.3822,120.0,15084183.0,2013-07-05T21:09:12.968477,1.2179,/STER/mercator/hermes/20130705/raw/00477640_HRF_OBJ.fits,51.22499389946279
477719,2,HRF_OBJ,-17.787260999999997,Kenneth De Smedt,HD147449,245.51792000000003,1.02903,2456480.38612,300.0,9513346.0,2013-07-06T21:10:07.166025,1.2160879999999998,/STER/mercator/hermes/20130706/raw/00477719_HRF_OBJ.fits,51.22499389946279
477791,2,HRF_OBJ,-14.029139,Kenneth De Smedt,HD152614,253.50207999999998,10.16536,2456481.385634,160.0,8235845.0,2013-07-07T21:09:27.599582,1.1872770000000001,/STER/mercator/hermes/20130707/raw/00477791_HRF_OBJ.fits,51.21523210920751
477864,2,HRF_OBJ,-3.374484,Kenneth De Smedt,HD149212,246.99582999999998,68.76814,2456482.381895,230.0,6336230.0,2013-07-08T21:10:47.962051,1.3416299999999999,/STER/mercator/hermes/20130708/raw/00477864_HRF_OBJ.fits,51.21523210920751
477934,2,HRF_OBJ,-18.828432,Kenneth De Smedt,HD147449,245.51792000000003,1.02903,2456483.388024,300.0,8018487.0,2013-07-09T21:13:07.672315,1.188243,/STER/mercator/hermes/20130709/raw/00477934_HRF_OBJ.fits,51.21523210920751
478005,2,HRF_OBJ,-15.061093,Kenneth De Smedt,HD152614,253.50207999999998,10.16536,2456484.385737,180.0,8176922.0,2013-07-10T21:09:49.231309,1.15897,/STER/mercator/hermes/20130710/raw/00478005_HRF_OBJ.fits,51.21523210920751
478077,2,HRF_OBJ,-15.390669,Kenneth De Smedt,HD152614,253.50207999999998,10.16536,2456485.383727,190.0,8089721.0,2013-07-11T21:06:59.956126,1.156759,/STER/mercator/hermes/20130711/raw/00478077_HRF_OBJ.fits,51.21523210920751
478158,2,HRF_OBJ,-15.714825,Kenneth De Smedt,HD152614,253.50207999999998,10.16536,2456486.381475,160.0,7367272.0,2013-07-12T21:03:49.936795,1.1545530000000002,/STER/mercator/hermes/20130712/raw/00478158_HRF_OBJ.fits,51.22499389946279
478240,2,HRF_OBJ,-16.041607,Kenneth De Smedt,HD152614,253.50207999999998,10.16536,2456487.38209,160.0,7647373.0,2013-07-13T21:04:47.684075,1.14446,/STER/mercator/hermes/20130713/raw/00478240_HRF_OBJ.fits,51.21523210920751
478326,2,HRF_OBJ,-16.357014000000003,Kenneth De Smedt,HD152614,253.50207999999998,10.16536,2456488.380289,160.0,7618211.0,2013-07-14T21:02:16.738313,1.141681,/STER/mercator/hermes/20130714/raw/00478326_HRF_OBJ.fits,51.21523210920751
482598,2,HRF_OBJ,-23.882404,"Patricia Lampens, Louis Dumortier",HD152614,253.50207999999998,10.16536,2456521.367902,330.0,7010880.0,2013-08-16T20:47:43.363249,1.059482,/STER/mercator/hermes/20130816/raw/00482598_HRF_OBJ.fits,51.273774973177076
482872,2,HRF_OBJ,-24.122049,"Patricia Lampens, Louis Dumortier",HD152614,253.50207999999998,10.16536,2456523.368538,330.0,10877702.0,2013-08-18T20:48:52.110865,1.063633,/STER/mercator/hermes/20130818/raw/00482872_HRF_OBJ.fits,51.264022471905186
483011,2,HRF_OBJ,-1.443255,Alejandra Sans Fuentes,HD185395,294.11041,50.221109999999996,2456524.3696830003,360.0,11877732.0,2013-08-19T20:49:26.311753,1.184796,/STER/mercator/hermes/20130819/raw/00483011_HRF_OBJ.fits,51.24451190127583
483252,2,HRF_OBJ,14.189192000000002,Alejandra Sans Fuentes,HD220657,351.345,23.40411,2456526.647453,330.0,7985683.0,2013-08-22T03:25:55.414802,1.022513,/STER/mercator/hermes/20130821/raw/00483252_HRF_OBJ.fits,51.210350516277465
483373,2,HRF_OBJ,-2.292768,Alejandra Sans Fuentes,HD185395,294.11041,50.221109999999996,2456527.560386,360.0,6290295.0,2013-08-23T01:24:04.720606,1.248506,/STER/mercator/hermes/20130822/raw/00483373_HRF_OBJ.fits,51.21523210920751
484518,2,HRF_OBJ,-2.838317,Alejandra Sans Fuentes,HD184006,292.42666,51.72978,2456533.3610610003,190.0,15305893.0,2013-08-28T20:37:22.552781,1.146607,/STER/mercator/hermes/20130828/raw/00484518_HRF_OBJ.fits,51.273774973177076
494276,2,HRF_OBJ,-6.2459370000000005,Anne Thoul,HD184006,292.42666,51.72978,2456557.338507,190.0,13082035.0,2013-09-21T20:05:26.220794,1.094152,/STER/mercator/hermes/20130921/raw/00494276_HRF_OBJ.fits,51.20058593414728
494428,2,HRF_OBJ,20.775539000000002,Anne Thoul,HD42818,94.71167,69.31978000000001,2456558.602779,480.0,10953727.0,2013-09-23T02:28:15.283020,1.882055,/STER/mercator/hermes/20130922/raw/00494428_HRF_OBJ.fits,51.20546845796843
494955,2,HRF_OBJ,-1.632388,Anne Thoul,HD220657,351.345,23.40411,2456562.63565,330.0,8319270.0,2013-09-27T03:07:46.286561,1.281631,/STER/mercator/hermes/20130926/raw/00494955_HRF_OBJ.fits,51.20546845796843
495083,2,HRF_OBJ,20.732039999999998,Anne Thoul,HD42818,94.71167,69.31978000000001,2456563.684865,480.0,14128746.0,2013-09-28T04:25:57.222716,1.458215,/STER/mercator/hermes/20130927/raw/00495083_HRF_OBJ.fits,51.19570294468082
507246,2,HRF_OBJ,13.03618,Joris Vos,HD42818,94.71167,69.31978000000001,2456612.5035470002,1200.0,1771047.0,2013-11-16T00:00:39.799775,1.654612,/STER/mercator/hermes/20131115/raw/00507246_HRF_OBJ.fits,51.18593556827891
507308,2,HRF_OBJ,-5.723508,Joris Vos,HD14055,34.32875,33.847190000000005,2456613.462402,550.0,1186028.0,2013-11-16T22:58:14.074638,1.023087,/STER/mercator/hermes/20131116/raw/00507308_HRF_OBJ.fits,51.18593556827891
507533,2,HRF_OBJ,29.717563000000002,Joris Vos,HD87887,151.98458,-0.37164,2456616.716352,140.0,2781741.0,2013-11-20T05:12:24.316517,1.365951,/STER/mercator/hermes/20131119/raw/00507533_HRF_OBJ.fits,51.19570294468082
507607,2,HRF_OBJ,-9.623889,Joris Vos,HD184006,292.42666,51.72978,2456617.3644439997,190.0,7613876.0,2013-11-20T20:45:16.392986,1.551351,/STER/mercator/hermes/20131120/raw/00507607_HRF_OBJ.fits,51.19570294468082
507689,2,HRF_OBJ,-22.895117000000003,Michel Hillen,HD206826,326.03583,28.74261,2456618.297177,360.0,9653638.0,2013-11-21T19:06:42.889715,1.000961,/STER/mercator/hermes/20131121/raw/00507689_HRF_OBJ.fits,51.19570294468082
507916,2,HRF_OBJ,-23.71835,Michel Hillen,HD220657,351.345,23.40411,2456619.44827,330.0,10438926.0,2013-11-22T22:41:37.348183,1.148924,/STER/mercator/hermes/20131122/raw/00507916_HRF_OBJ.fits,51.19570294468082
508053,2,HRF_OBJ,9.861151,Michel Hillen,HD36267,82.69625,5.94814,2456620.60891,570.0,31700831.0,2013-11-24T02:29:30.575926,1.085682,/STER/mercator/hermes/20131123/raw/00508053_HRF_OBJ.fits,51.20546845796843
508169,2,HRF_OBJ,-9.872633,Michel Hillen,HD14055,34.32875,33.847190000000005,2456621.57605,230.0,12259806.0,2013-11-25T01:42:11.375770,1.1756469999999999,/STER/mercator/hermes/20131124/raw/00508169_HRF_OBJ.fits,51.19570294468082
508306,2,HRF_OBJ,-10.262782000000001,Michel Hillen,HD14055,34.32875,33.847190000000005,2456622.5394369997,210.0,12520600.0,2013-11-26T00:49:30.698441,1.075887,/STER/mercator/hermes/20131125/raw/00508306_HRF_OBJ.fits,51.20546845796843
534187,2,HRF_OBJ,-26.490627000000003,Ehsan Moravveji,HD14055,34.32875,33.847190000000005,2456714.3309049997,230.0,10809620.0,2014-02-25T19:59:36.142982,1.244185,/STER/mercator/hermes/20140225/raw/00534187_HRF_OBJ.fits,51.18593556827891
534424,2,HRF_OBJ,-27.809034000000004,Ehsan Moravveji,HD36267,82.69625,5.94814,2456716.333631,450.0,11809050.0,2014-02-27T19:58:36.943703,1.088558,/STER/mercator/hermes/20140227/raw/00534424_HRF_OBJ.fits,51.249390240275055
537730,2,HRF_OBJ,3.741157,Ehsan Moravveji,HD184006,292.42666,51.72978,2456717.757359,190.0,11471792.0,2014-03-01T06:13:00.879362,1.513865,/STER/mercator/hermes/20140228/raw/00537730_HRF_OBJ.fits,51.190819489435796
541904,2,HRF_OBJ,-0.588587,Ehsan Moravveji,HD149212,246.99582999999998,68.76814,2456720.7851529997,230.0,4564497.0,2014-03-04T06:49:21.197391,1.305567,/STER/mercator/hermes/20140303/raw/00541904_HRF_OBJ.fits,51.19570294468082
542006,2,HRF_OBJ,4.322495,Ehsan Moravveji,HD184006,292.42666,51.72978,2456721.7758090002,190.0,9494790.0,2014-03-05T06:39:30.557400,1.350092,/STER/mercator/hermes/20140304/raw/00542006_HRF_OBJ.fits,51.18593556827891
555162,2,HRF_OBJ,0.5705100000000001,Christos Siopis,HD118098,203.67333,-0.59583,2456758.672164,200.0,7714128.0,2014-04-11T03:59:42.581414,1.441602,/STER/mercator/hermes/20140410/raw/00555162_HRF_OBJ.fits,51.176166327695945
557357,2,HRF_OBJ,-25.827929,Patricia Lampens,HD87887,151.98458,-0.37164,2456775.368129,240.0,8946531.0,2014-04-27T20:46:26.753824,1.1481709999999998,/STER/mercator/hermes/20140427/raw/00557357_HRF_OBJ.fits,51.18593556827891
559624,2,HRF_OBJ,-4.468424,Hans Van Winckel,HD149212,246.99582999999998,68.76814,2456793.5525490004,230.0,6380725.0,2014-05-16T01:15:26.268654,1.319248,/STER/mercator/hermes/20140515/raw/00559624_HRF_OBJ.fits,51.176166327695945
561261,2,HRF_OBJ,-4.559506,Rutger De Nutte,HD149212,246.99582999999998,68.76814,2456805.533756,230.0,6223582.0,2014-05-28T00:48:38.224172,1.310494,/STER/mercator/hermes/20140527/raw/00561261_HRF_OBJ.fits,51.16639522186413
561380,2,HRF_OBJ,-20.359209,Rutger De Nutte,HD118098,203.67333,-0.59583,2456806.380418,140.0,10655962.0,2014-05-28T21:01:59.644698,1.2250510000000001,/STER/mercator/hermes/20140528/raw/00561380_HRF_OBJ.fits,51.181051181076775
561520,2,HRF_OBJ,-20.769415,Rutger De Nutte,HD118098,203.67333,-0.59583,2456807.401881,140.0,8977923.0,2014-05-29T21:33:00.167647,1.172527,/STER/mercator/hermes/20140529/raw/00561520_HRF_OBJ.fits,51.176166327695945
561659,2,HRF_OBJ,-21.110793,Rutger De Nutte,HD118098,203.67333,-0.59583,2456808.4012470003,80.0,8628125.0,2014-05-30T21:32:11.446158,1.168872,/STER/mercator/hermes/20140530/raw/00561659_HRF_OBJ.fits,51.176166327695945
562065,2,HRF_OBJ,-22.039174,Rutger De Nutte,HD118098,203.67333,-0.59583,2456811.3797939997,140.0,13866668.0,2014-06-02T21:01:36.529611,1.19203,/STER/mercator/hermes/20140602/raw/00562065_HRF_OBJ.fits,51.176166327695945
562194,2,HRF_OBJ,-22.337045,Rutger De Nutte,HD118098,203.67333,-0.59583,2456812.373296,140.0,13973545.0,2014-06-03T20:52:21.419093,1.200104,/STER/mercator/hermes/20140603/raw/00562194_HRF_OBJ.fits,51.16639522186413
562296,2,HRF_OBJ,-22.659262,Rutger De Nutte,HD118098,203.67333,-0.59583,2456813.378024,90.0,7577057.0,2014-06-04T20:59:16.457714,1.183886,/STER/mercator/hermes/20140604/raw/00562296_HRF_OBJ.fits,51.176166327695945
562409,2,HRF_OBJ,-22.982572,Robin Lombaert,HD118098,203.67333,-0.59583,2456814.385562,140.0,14571683.0,2014-06-05T21:10:14.384969,1.167809,/STER/mercator/hermes/20140605/raw/00562409_HRF_OBJ.fits,51.18593556827891
573545,2,HRF_OBJ,-26.885582,Joris Vos,HD118098,203.67333,-0.59583,2456830.38293,140.0,14154046.0,2014-06-21T21:08:22.736515,1.153363,/STER/mercator/hermes/20140621/raw/00573545_HRF_OBJ.fits,51.19570294468082
573765,2,HRF_OBJ,-9.223335,Joris Vos,HD152614,253.50207999999998,10.16536,2456833.434009,330.0,12917805.0,2014-06-24T22:18:22.712074,1.151713,/STER/mercator/hermes/20140624/raw/00573765_HRF_OBJ.fits,51.18593556827891
574952,2,HRF_OBJ,-3.325416,Raine Karjalainen,HD149212,246.99582999999998,68.76814,2456848.369875,230.0,3023047.0,2014-07-09T20:53:30.304117,1.355381,/STER/mercator/hermes/20140709/raw/00574952_HRF_OBJ.fits,51.176166327695945
575077,2,HRF_OBJ,-28.945960999999997,Raine Karjalainen,HD118098,203.67333,-0.59583,2456849.3629900003,140.0,7396500.0,2014-07-10T20:42:13.544344,1.2029940000000001,/STER/mercator/hermes/20140710/raw/00575077_HRF_OBJ.fits,51.18593556827891
575209,2,HRF_OBJ,-28.988551,Raine Karjalainen,HD118098,203.67333,-0.59583,2456850.3679049998,140.0,4127339.0,2014-07-11T20:49:26.507040,1.222997,/STER/mercator/hermes/20140711/raw/00575209_HRF_OBJ.fits,51.18593556827891
577711,2,HRF_OBJ,-24.721375,Timothy Van Reeth,HD147449,245.51792000000003,1.02903,2456870.37945,480.0,14687839.0,2014-07-31T21:03:05.904871,1.130806,/STER/mercator/hermes/20140731/raw/00577711_HRF_OBJ.fits,51.18593556827891
577985,2,HRF_OBJ,-25.134252,Timothy Van Reeth,HD147449,245.51792000000003,1.02903,2456872.3889349997,480.0,13843254.0,2014-08-02T21:16:59.848741,1.136973,/STER/mercator/hermes/20140802/raw/00577985_HRF_OBJ.fits,51.19570294468082
578269,2,HRF_OBJ,-1.77398,Timothy Van Reeth,HD149212,246.99582999999998,68.76814,2456874.3765290002,230.0,7683578.0,2014-08-04T21:03:24.852498,1.306849,/STER/mercator/hermes/20140804/raw/00578269_HRF_OBJ.fits,51.181051181076775
578534,2,HRF_OBJ,-1.691847,Timothy Van Reeth,HD149212,246.99582999999998,68.76814,2456876.447252,230.0,4982448.0,2014-08-06T22:45:16.349821,1.389618,/STER/mercator/hermes/20140806/raw/00578534_HRF_OBJ.fits,51.18593556827891
579418,2,HRF_OBJ,-23.433385,Yves Fremat,HD152614,253.50207999999998,10.16536,2456883.370823,130.0,6787800.0,2014-08-13T20:51:34.305534,1.057207,/STER/mercator/hermes/20140813/raw/00579418_HRF_OBJ.fits,51.176166327695945
579872,2,HRF_OBJ,-23.90533,Yves Fremat,HD152614,253.50207999999998,10.16536,2456886.388741,330.0,12854978.0,2014-08-16T21:17:42.912359,1.078398,/STER/mercator/hermes/20140816/raw/00579872_HRF_OBJ.fits,51.18593556827891
584430,2,HRF_OBJ,-2.957868,Kenneth De Smedt,HD184006,292.42666,51.72978,2456899.3562740004,140.0,8730539.0,2014-08-29T20:30:29.460821,1.151191,/STER/mercator/hermes/20140829/raw/00584430_HRF_OBJ.fits,51.18593556827891
584523,2,HRF_OBJ,-3.107768,Kenneth De Smedt,HD184006,292.42666,51.72978,2456900.352705,120.0,9497956.0,2014-08-30T20:25:21.985883,1.152583,/STER/mercator/hermes/20140830/raw/00584523_HRF_OBJ.fits,51.176166327695945
584618,2,HRF_OBJ,-3.266901,Kenneth De Smedt,HD184006,292.42666,51.72978,2456901.35555,100.0,8430935.0,2014-08-31T20:29:28.777580,1.142,/STER/mercator/hermes/20140831/raw/00584618_HRF_OBJ.fits,51.15662224971465
584736,2,HRF_OBJ,-3.4141839999999997,Kenneth De Smedt,HD184006,292.42666,51.72978,2456902.351703,120.0,9571324.0,2014-09-01T20:23:57.343901,1.144175,/STER/mercator/hermes/20140901/raw/00584736_HRF_OBJ.fits,51.18593556827891
584825,2,HRF_OBJ,-3.5677809999999996,Kenneth De Smedt,HD184006,292.42666,51.72978,2456903.352481,100.0,8038293.0,2014-09-02T20:25:05.629462,1.137817,/STER/mercator/hermes/20140902/raw/00584825_HRF_OBJ.fits,51.176166327695945
584945,2,HRF_OBJ,-3.7147930000000002,Kenneth De Smedt,HD184006,292.42666,51.72978,2456904.34992,120.0,9141713.0,2014-09-03T20:21:25.456765,1.1377059999999999,/STER/mercator/hermes/20140903/raw/00584945_HRF_OBJ.fits,51.176166327695945
585057,2,HRF_OBJ,-3.8623220000000003,Kenneth De Smedt,HD184006,292.42666,51.72978,2456905.348422,100.0,8550886.0,2014-09-04T20:19:17.117817,1.135434,/STER/mercator/hermes/20140904/raw/00585057_HRF_OBJ.fits,51.176166327695945
585157,2,HRF_OBJ,-4.010838,Kenneth De Smedt,HD184006,292.42666,51.72978,2456906.348265,100.0,8846706.0,2014-09-05T20:19:04.744906,1.1312799999999998,/STER/mercator/hermes/20140905/raw/00585157_HRF_OBJ.fits,51.176166327695945
585246,2,HRF_OBJ,-4.154619,Kenneth De Smedt,HD184006,292.42666,51.72978,2456907.3459220002,100.0,8456436.0,2014-09-06T20:15:43.443986,1.130628,/STER/mercator/hermes/20140906/raw/00585246_HRF_OBJ.fits,51.176166327695945
585328,2,HRF_OBJ,-4.297878,Kenneth De Smedt,HD184006,292.42666,51.72978,2456908.3439470003,140.0,12151255.0,2014-09-07T20:12:54.115843,1.129801,/STER/mercator/hermes/20140907/raw/00585328_HRF_OBJ.fits,51.18593556827891
596192,2,HRF_OBJ,28.707138,Christoffel Waelkens,HD46300,98.22584,7.3329699999999995,2456932.758624,360.0,15725165.0,2014-10-02T06:12:23.401775,1.101689,/STER/mercator/hermes/20141001/raw/00596192_HRF_OBJ.fits,51.18593556827891
596327,2,HRF_OBJ,15.358474,Christoffel Waelkens,HD14055,34.32875,33.847190000000005,2456933.59729,230.0,17577698.0,2014-10-03T02:13:33.521796,1.011154,/STER/mercator/hermes/20141002/raw/00596327_HRF_OBJ.fits,51.20546845796843
596541,2,HRF_OBJ,26.604186,Christoffel Waelkens,HD56169,109.63333,49.46475,2456934.757968,575.0,15153965.0,2014-10-04T06:11:55.999654,1.124623,/STER/mercator/hermes/20141003/raw/00596541_HRF_OBJ.fits,51.18593556827891
596669,2,HRF_OBJ,14.651742,Christoffel Waelkens,HD14055,34.32875,33.847190000000005,2456935.5498220003,230.0,17172718.0,2014-10-05T01:05:03.847286,1.066604,/STER/mercator/hermes/20141004/raw/00596669_HRF_OBJ.fits,51.18593556827891
596838,2,HRF_OBJ,28.584294,Christoffel Waelkens,HD46300,98.22584,7.3329699999999995,2456936.762045,360.0,16784760.0,2014-10-06T06:16:45.964900,1.0848959999999999,/STER/mercator/hermes/20141005/raw/00596838_HRF_OBJ.fits,51.19570294468082
596956,2,HRF_OBJ,-5.880154,Peter Papics & Master Students,HD220657,351.345,23.40411,2456937.513604,330.0,14631889.0,2014-10-07T00:12:10.534066,1.013434,/STER/mercator/hermes/20141006/raw/00596956_HRF_OBJ.fits,51.15662224971465
608126,2,HRF_OBJ,-17.821775,Patricia Lampens,HD220657,351.345,23.40411,2456965.525145,330.0,9596295.0,2014-11-04T00:30:23.804869,1.247935,/STER/mercator/hermes/20141103/raw/00608126_HRF_OBJ.fits,51.176166327695945
608498,2,HRF_OBJ,-9.697009,Patricia Lampens,HD184006,292.42666,51.72978,2456968.340404,190.0,15860467.0,2014-11-06T20:10:00.050504,1.2389219999999999,/STER/mercator/hermes/20141106/raw/00608498_HRF_OBJ.fits,51.176166327695945
608925,2,HRF_OBJ,-9.676608,Patricia Lampens,HD184006,292.42666,51.72978,2456971.300992,190.0,12873515.0,2014-11-09T19:13:22.936407,1.158143,/STER/mercator/hermes/20141109/raw/00608925_HRF_OBJ.fits,51.171281008002914
609063,2,HRF_OBJ,-9.680947,Patricia Lampens,HD184006,292.42666,51.72978,2456972.299985,190.0,16874628.0,2014-11-10T19:11:58.687597,1.161757,/STER/mercator/hermes/20141110/raw/00609063_HRF_OBJ.fits,51.176166327695945
609210,2,HRF_OBJ,-9.681385,Patricia Lampens,HD184006,292.42666,51.72978,2456973.298196,100.0,8312776.0,2014-11-11T19:09:26.880167,1.164929,/STER/mercator/hermes/20141111/raw/00609210_HRF_OBJ.fits,51.171281008002914
609345,2,HRF_OBJ,-9.68694,Patricia Lampens,HD184006,292.42666,51.72978,2456974.3021529997,190.0,12121681.0,2014-11-12T19:15:11.599003,1.178906,/STER/mercator/hermes/20141112/raw/00609345_HRF_OBJ.fits,51.18593556827891
610662,2,HRF_OBJ,-23.028419,Bram Buysschaert,HD214994,340.43916,29.307640000000003,2456986.303587,240.0,7676813.0,2014-11-24T19:14:32.075848,1.005487,/STER/mercator/hermes/20141124/raw/00610662_HRF_OBJ.fits,51.181051181076775
614830,2,HRF_OBJ,-26.163211999999998,Christoffel Waelkens,HD14055,34.32875,33.847190000000005,2457033.312996,230.0,8770813.0,2015-01-10T19:27:37.092603,1.018057,/STER/mercator/hermes/20150110/raw/00614830_HRF_OBJ.fits,51.35172830587107
631712,2,HRF_OBJ,-15.928177,Hans Van Winckel,HD87887,151.98458,-0.37164,2457110.448785,700.0,5225261.0,2015-03-28T22:39:29.745441,1.1521270000000001,/STER/mercator/hermes/20150328/raw/00631712_HRF_OBJ.fits,51.36146415358503
637171,2,HRF_OBJ,-25.232698000000003,Timothy Van Reeth,HD87887,151.98458,-0.37164,2457137.439528,360.0,13784549.0,2015-04-24T22:28:52.587559,1.21274,/STER/mercator/hermes/20150424/raw/00637171_HRF_OBJ.fits,51.37119815616529
639919,2,HRF_OBJ,-14.042917999999998,Griet Van De Steene,HD118098,203.67333,-0.59583,2457155.427127,300.0,7791959.0,2015-05-12T22:07:54.785466,1.224019,/STER/mercator/hermes/20150512/raw/00639919_HRF_OBJ.fits,51.39066063011839
640062,2,HRF_OBJ,-14.33845,Peter De Cat,HD118098,203.67333,-0.59583,2457156.375031,180.0,6090901.0,2015-05-13T20:52:57.638430,1.453025,/STER/mercator/hermes/20150513/raw/00640062_HRF_OBJ.fits,51.39066063011839
641070,2,HRF_OBJ,-29.028734999999998,Devika Kamath,HD87887,151.98458,-0.37164,2457163.3885830003,360.0,8935425.0,2015-05-20T21:18:55.985040,1.288561,/STER/mercator/hermes/20150520/raw/00641070_HRF_OBJ.fits,51.37119815616529
641205,2,HRF_OBJ,-17.635978,Devika Kamath,HD118098,203.67333,-0.59583,2457164.370476,140.0,9679354.0,2015-05-21T20:47:01.537858,1.343988,/STER/mercator/hermes/20150521/raw/00641205_HRF_OBJ.fits,51.38093031466052
641484,2,HRF_OBJ,-18.470633,Devika Kamath,HD118098,203.67333,-0.59583,2457166.393693,140.0,9978571.0,2015-05-23T21:20:38.087312,1.2292399999999999,/STER/mercator/hermes/20150523/raw/00641484_HRF_OBJ.fits,51.38093031466052
641756,2,HRF_OBJ,-19.215141,Devika Kamath,HD118098,203.67333,-0.59583,2457168.39227,140.0,14196731.0,2015-05-25T21:18:46.051214,1.2174719999999999,/STER/mercator/hermes/20150525/raw/00641756_HRF_OBJ.fits,51.39066063011839
642020,2,HRF_OBJ,-19.932465,Devika Kamath,HD118098,203.67333,-0.59583,2457170.389759,140.0,10088098.0,2015-05-27T21:15:20.498086,1.20944,/STER/mercator/hermes/20150527/raw/00642020_HRF_OBJ.fits,51.38093031466052
653424,2,HRF_OBJ,-1.010876,Santiago Triana & Aunia Samadi,HD185395,294.11041,50.221109999999996,2457252.372267,360.0,10407797.0,2015-08-17T20:53:08.462512,1.196491,/STER/mercator/hermes/20150817/raw/00653424_HRF_OBJ.fits,51.38093031466052
653536,2,HRF_OBJ,-1.263475,Santiago Triana & Aunia Samadi,HD184006,292.42666,51.72978,2457253.415449,190.0,7712855.0,2015-08-18T21:55:35.143962,1.109153,/STER/mercator/hermes/20150818/raw/00653536_HRF_OBJ.fits,51.38093031466052
653815,2,HRF_OBJ,-1.7126919999999999,Santiago Triana & Aunia Samadi,HD184006,292.42666,51.72978,2457255.487719,190.0,11678072.0,2015-08-20T23:39:40.193577,1.103607,/STER/mercator/hermes/20150820/raw/00653815_HRF_OBJ.fits,51.39066063011839
653946,2,HRF_OBJ,-1.6705900000000002,Santiago Triana & Aunia Samadi,HD184006,292.42666,51.72978,2457256.368162,190.0,6931745.0,2015-08-21T20:47:30.935712,1.174336,/STER/mercator/hermes/20150821/raw/00653946_HRF_OBJ.fits,51.38093031466052
654200,2,HRF_OBJ,-24.593876,Santiago Triana & Aunia Samadi,HD152614,253.50207999999998,10.16536,2457258.3743229997,330.0,12182755.0,2015-08-23T20:57:45.082322,1.085032,/STER/mercator/hermes/20150823/raw/00654200_HRF_OBJ.fits,51.39066063011839
672729,2,HRF_OBJ,5.428873,Michael Laverick,HD14055,34.32875,33.847190000000005,2457321.456708,270.0,7102979.0,2015-10-25T22:49:58.247728,1.173001,/STER/mercator/hermes/20151025/raw/00672729_HRF_OBJ.fits,51.234753829797995
672993,2,HRF_OBJ,,Michael Laverick,HD185395,294.11041,50.221109999999996,,360.0,7538947.0,2015-10-27T19:49:21.251289,1.117025,/STER/mercator/hermes/20151027/raw/00672993_HRF_OBJ.fits,51.24451190127583
673134,2,HRF_OBJ,-9.411394999999999,Michael Laverick,HD184006,292.42666,51.72978,2457324.32092,190.0,9199257.0,2015-10-28T19:41:31.461306,1.132888,/STER/mercator/hermes/20151028/raw/00673134_HRF_OBJ.fits,51.264022471905186
683755,2,HRF_OBJ,9.441393,Devika Kamath,HD42818,94.71167,69.31978000000001,2457354.574267,480.0,7564330.0,2015-11-28T01:41:51.531505,1.356585,/STER/mercator/hermes/20151127/raw/00683755_HRF_OBJ.fits,51.254268114957995
696389,2,HRF_OBJ,-16.399204,"Patricia Lampens, Lore Vermeylen",HD36267,82.69625,5.94814,2457405.481072,140.0,4865814.0,2016-01-17T23:26:18.147868,1.0937540000000001,/STER/mercator/hermes/20160117/raw/00696389_HRF_OBJ.fits,51.21523210920751
697252,2,HRF_OBJ,-28.109069,"Patricia Lampens, Lore Vermeylen",HD14055,34.32875,33.847190000000005,2457411.3163240002,230.0,8601528.0,2016-01-23T19:34:03.881040,1.005293,/STER/mercator/hermes/20160123/raw/00697252_HRF_OBJ.fits,51.21523210920751
699874,2,HRF_OBJ,-20.709277,Rutger De Nutte,HD46300,98.22584,7.3329699999999995,2457433.329419,360.0,5285171.0,2016-02-14T19:48:57.038132,1.3024799999999999,/STER/mercator/hermes/20160214/raw/00699874_HRF_OBJ.fits,51.21523210920751
726906,2,HRF_OBJ,-22.12355,Andrew Tkachenko,HD152614,0.0,0.0,2457606.3623619997,330.0,6999545.0,2016-08-05T20:38:35.710644,1.063809,/STER/mercator/hermes/20160805/raw/00726906_HRF_OBJ.fits,51.234753829797995
727334,2,HRF_OBJ,0.45437299999999997,Andrew Tkachenko,HD185395,0.0,0.0,2457609.3691080003,360.0,4988006.0,2016-08-08T20:48:34.790367,1.002612,/STER/mercator/hermes/20160808/raw/00727334_HRF_OBJ.fits,51.22499389946279
769110,2,HRF_OBJ,-27.127157,Rutger De Nutte,HD36267,82.69605,5.94814,2457807.337582,570.0,18729014.0,2017-02-22T20:03:37.357612,1.094847,/STER/mercator/hermes/20170222/raw/00769110_HRF_OBJ.fits,51.19570294468082
769282,2,HRF_OBJ,-27.435985,Swaraj Bandhu Mahato,HD36267,82.69605,5.94814,2457809.335522,570.0,15599627.0,2017-02-24T20:00:55.074739,1.091776,/STER/mercator/hermes/20170224/raw/00769282_HRF_OBJ.fits,51.19570294468082
769352,2,HRF_OBJ,-27.584819,Swaraj Bandhu Mahato,HD36267,82.69605,5.94814,2457810.337369,570.0,14527858.0,2017-02-25T20:03:42.676941,1.088593,/STER/mercator/hermes/20170225/raw/00769352_HRF_OBJ.fits,51.18593556827891
769426,2,HRF_OBJ,-27.71593,Swaraj Bandhu Mahato,HD36267,82.69605,5.94814,2457811.3359970003,570.0,19982837.0,2017-02-26T20:01:52.101714,1.0877809999999999,/STER/mercator/hermes/20170226/raw/00769426_HRF_OBJ.fits,51.20058593414728
769578,2,HRF_OBJ,-27.959684999999997,Swaraj Bandhu Mahato,HD36267,82.69605,5.94814,2457813.336694,570.0,15727928.0,2017-02-28T20:03:08.349738,1.085258,/STER/mercator/hermes/20170228/raw/00769578_HRF_OBJ.fits,51.20546845796843
769646,2,HRF_OBJ,-28.067756,Swaraj Bandhu Mahato,HD36267,82.69605,5.94814,2457814.337095,570.0,20287739.0,2017-03-01T20:03:51.096130,1.0846040000000001,/STER/mercator/hermes/20170301/raw/00769646_HRF_OBJ.fits,51.20546845796843
769719,2,HRF_OBJ,-28.167049,Swaraj Bandhu Mahato,HD36267,82.69605,5.94814,2457815.337679,570.0,18667120.0,2017-03-02T20:04:49.679455,1.084374,/STER/mercator/hermes/20170302/raw/00769719_HRF_OBJ.fits,51.20546845796843
769787,2,HRF_OBJ,-28.256553999999998,Swaraj Bandhu Mahato,HD36267,82.69605,5.94814,2457816.338029,570.0,22832401.0,2017-03-03T20:05:28.037527,1.084586,/STER/mercator/hermes/20170303/raw/00769787_HRF_OBJ.fits,51.20546845796843
769930,2,HRF_OBJ,-28.418770000000002,Swaraj Bandhu Mahato,HD36267,82.69605,5.94814,2457818.342607,800.0,7340708.0,2017-03-05T20:12:19.922139,1.087353,/STER/mercator/hermes/20170305/raw/00769930_HRF_OBJ.fits,51.18593556827891
826241,2,HRF_OBJ,-21.214882,Ana Escorza Santos,HD147449,245.51812,1.02904,2457951.4562729998,480.0,5561486.0,2017-07-16T22:52:08.838878,1.160542,/STER/mercator/hermes/20170716/raw/00826241_HRF_OBJ.fits,50.99509780361246
827851,2,HRF_OBJ,2.963232,Ana Escorza Santos,HD184006,292.4265,51.72978,2457956.527688,190.0,12298568.0,2017-07-22T00:37:19.881877,1.0862020000000001,/STER/mercator/hermes/20170721/raw/00827851_HRF_OBJ.fits,50.98038838612354
834652,2,HRF_OBJ,-1.033384,Michael Abdul Masih,HD149212,246.99589,68.76814,2457980.360726,250.0,4771555.0,2017-08-14T20:40:43.361736,1.308994,/STER/mercator/hermes/20170814/raw/00834652_HRF_OBJ.fits,49.749371855331
834926,2,HRF_OBJ,-23.887259,Michael Abdul Masih,HD152614,253.50196,10.16536,2457982.368572,330.0,12001524.0,2017-08-16T20:48:44.572876,1.059052,/STER/mercator/hermes/20170816/raw/00834926_HRF_OBJ.fits,49.879855653359705
835330,2,HRF_OBJ,-24.232488,Michael Abdul Masih,HD152614,253.50196,10.16536,2457985.3622939996,330.0,11239926.0,2017-08-19T20:40:02.835028,1.060351,/STER/mercator/hermes/20170819/raw/00835330_HRF_OBJ.fits,49.73932046178355
835461,2,HRF_OBJ,-24.334988,Michael Abdul Masih,HD152614,253.50196,10.16536,2457986.360946,330.0,7115922.0,2017-08-20T20:38:13.368085,1.061345,/STER/mercator/hermes/20170820/raw/00835461_HRF_OBJ.fits,49.749371855331
835729,2,HRF_OBJ,-2.0945099999999996,Michael Abdul Masih,HD184006,292.4265,51.72978,2457988.476586,190.0,4265363.0,2017-08-22T23:23:40.246825,1.09905,/STER/mercator/hermes/20170822/raw/00835729_HRF_OBJ.fits,49.73932046178355
835824,2,HRF_OBJ,-2.0557119999999998,Michael Abdul Masih,HD184006,292.4265,51.72978,2457989.3589310003,190.0,7518902.0,2017-08-23T20:34:15.347130,1.178305,/STER/mercator/hermes/20170823/raw/00835824_HRF_OBJ.fits,49.749371855331
877780,2,HRF_OBJ,-28.37815,Michael Abdul Masih,HD87887,151.9845,-0.37164,2458251.374942,360.0,10867260.0,2018-05-12T20:58:10.728889,1.181613,/STER/mercator/hermes/20180512/raw/00877780_HRF_OBJ.fits,46.66904755831214
878070,2,HRF_OBJ,-28.569045000000003,Michael Abdul Masih,HD87887,151.9845,-0.37164,2458253.368971,360.0,13093207.0,2018-05-14T20:49:51.124893,1.180993,/STER/mercator/hermes/20180514/raw/00878070_HRF_OBJ.fits,46.69047011971501
878201,2,HRF_OBJ,-15.278885999999998,Michael Abdul Masih,HD118098,203.6733,-0.59582,2458254.372451,140.0,11514036.0,2018-05-15T20:49:24.543128,1.42308,/STER/mercator/hermes/20180515/raw/00878201_HRF_OBJ.fits,46.69047011971501
878333,2,HRF_OBJ,-28.747132,Michael Abdul Masih,HD87887,151.9845,-0.37164,2458255.3718970004,360.0,21538890.0,2018-05-16T20:54:20.417095,1.199099,/STER/mercator/hermes/20180516/raw/00878333_HRF_OBJ.fits,46.67976006793523
878460,2,HRF_OBJ,-29.605168,Michael Abdul Masih,HD84937,147.23373999999998,13.74426,2458256.374365,800.0,1319027.0,2018-05-17T20:59:20.126214,1.115545,/STER/mercator/hermes/20180517/raw/00878460_HRF_OBJ.fits,46.67976006793523
878589,2,HRF_OBJ,-29.583129,Michael Abdul Masih,HD84937,147.23373999999998,13.74426,2458257.371838,800.0,1372291.0,2018-05-18T20:55:50.284752,1.1163450000000001,/STER/mercator/hermes/20180518/raw/00878589_HRF_OBJ.fits,46.66904755831214
878724,2,HRF_OBJ,-29.558325,Michael Abdul Masih,HD84937,147.23373999999998,13.74426,2458258.3720650002,800.0,1220832.0,2018-05-19T20:56:18.405731,1.124673,/STER/mercator/hermes/20180519/raw/00878724_HRF_OBJ.fits,46.66904755831214
878992,2,HRF_OBJ,-17.706839000000002,Julia Bodensteiner,HD118098,203.6733,-0.59582,2458260.3696,140.0,18534050.0,2018-05-21T20:45:47.196068,1.342286,/STER/mercator/hermes/20180521/raw/00878992_HRF_OBJ.fits,46.67976006793523
884883,2,HRF_OBJ,-27.231516,"Mathieu Van der Swaelmen, Thibault Merle",HD118098,203.6733,-0.59582,2458293.389348,140.0,21231098.0,2018-06-23T21:17:53.701246,1.163223,/STER/mercator/hermes/20180623/raw/00884883_HRF_OBJ.fits,46.63153439465616
885068,2,HRF_OBJ,-27.452465999999998,"Mathieu Van der Swaelmen, Thibault Merle",HD118098,203.6733,-0.59582,2458294.410615,140.0,23103559.0,2018-06-24T21:48:39.172120,1.207403,/STER/mercator/hermes/20180624/raw/00885068_HRF_OBJ.fits,46.647615158762406
885228,2,HRF_OBJ,-27.661580999999998,"Mathieu Van der Swaelmen, Thibault Merle",HD118098,203.6733,-0.59582,2458295.4313919996,140.0,19689924.0,2018-06-25T22:18:42.340743,1.28387,/STER/mercator/hermes/20180625/raw/00885228_HRF_OBJ.fits,46.636895265444075
893711,2,HRF_OBJ,-27.218175,"Yves Fremat, Griet Van de Steene",HD147449,245.51812,1.02904,2458365.350972,480.0,54363485.0,2018-09-03T20:26:28.736857,1.2436530000000001,/STER/mercator/hermes/20180903/raw/00893711_HRF_OBJ.fits,46.58325879540846
893925,2,HRF_OBJ,-4.010829,"Yves Fremat, Griet Van de Steene",HD184006,292.4265,51.72978,2458367.349053,190.0,38070249.0,2018-09-05T20:20:13.935077,1.12957,/STER/mercator/hermes/20180905/raw/00893925_HRF_OBJ.fits,46.58325879540846
904685,2,HRF_OBJ,-25.665113,Florian Driessen,HD220657,351.34493,23.4041,2458456.285252,330.0,27340876.0,2018-12-03T18:48:08.193537,1.0346229999999998,/STER/mercator/hermes/20181203/raw/00904685_HRF_OBJ.fits,46.652974181717504
910612,2,HRF_OBJ,-14.896098,Nicolas Moens,HD42818,94.71157,69.31979,2458522.314253,480.0,25415619.0,2019-02-07T19:28:31.355080,1.4862,/STER/mercator/hermes/20190207/raw/00910612_HRF_OBJ.fits,46.49731175025068
910877,2,HRF_OBJ,-28.51032,Nicolas Moens,HD14055,34.32861,33.847190000000005,2458524.318294,230.0,21414032.0,2019-02-09T19:39:15.219939,1.057187,/STER/mercator/hermes/20190209/raw/00910877_HRF_OBJ.fits,46.50806381693394
914581,2,HRF_OBJ,15.728007999999999,Luka Poniatowski,HD118098,203.6733,-0.59582,2458554.561398,140.0,34077300.0,2019-03-12T01:21:25.739603,1.358898,/STER/mercator/hermes/20190311/raw/00914581_HRF_OBJ.fits,46.50806381693394
914940,2,HRF_OBJ,-20.685389,Luka Poniatowski,HD42818,94.71157,69.31979,2458557.514799,480.0,22440040.0,2019-03-15T00:20:24.914520,1.6923540000000001,/STER/mercator/hermes/20190314/raw/00914940_HRF_OBJ.fits,46.52418725781247
915193,2,HRF_OBJ,-20.77724,Luka Poniatowski,HD42818,94.71157,69.31979,2458559.513384,480.0,44215262.0,2019-03-17T00:18:34.483019,1.713556,/STER/mercator/hermes/20190316/raw/00915193_HRF_OBJ.fits,46.51881339845203
933249,2,HRF_OBJ,9.119984,Calum Hawcroft,HD214994,340.4392,29.307640000000003,2458720.7097610002,480.0,13385033.0,2019-08-25T04:55:42.994074,1.3285069999999999,/STER/mercator/hermes/20190824/raw/00933249_HRF_OBJ.fits,46.551047249229526
956745,2,HRF_OBJ,-28.680201,Shreeya Shetye,HD14055,34.32861,33.847190000000005,2458884.322639,210.0,11830923.0,2020-02-04T19:44:48.498283,1.039759,/STER/mercator/hermes/20200204/raw/00956745_HRF_OBJ.fits,46.551047249229526
957476,2,HRF_OBJ,-28.510545,Matthias Fabry,HD14055,34.32861,33.847190000000005,2458890.347991,230.0,38804231.0,2020-02-10T20:22:08.383691,1.136839,/STER/mercator/hermes/20200210/raw/00957476_HRF_OBJ.fits,46.551047249229526
957602,2,HRF_OBJ,-28.439708000000003,Matthias Fabry,HD14055,34.32861,33.847190000000005,2458891.344476,230.0,34521042.0,2020-02-11T20:17:12.828972,1.134601,/STER/mercator/hermes/20200211/raw/00957602_HRF_OBJ.fits,46.551047249229526
